word,freq,english_word
技术,197,technology
声音,144,sound
科技,138,science and technology
模型,137,model
发展,130,develop
成都,129,Chengdu
生成,126,generate
企业,116,enterprise
视频,111,Video
算力,104,Computility
产业,103,industry
使用,99,use
创作,99,creation
数字,98,digital
中国,92,China
网络,88,Internet
应用,87,apply
作品,83,opus
创新,80,innovation
平台,78,platform
数据,75,data
中心,72,centre
内容,70,content
文化,70,culture
领域,70,field
产品,69,products
公司,68,firm
行业,67,sector
进行,67,carry out
北京,60,Beijing
服务,60,serve
一个,57,One
上海,56,Shanghai
歌手,55,singer
提供,53,offer
用户,53,user
保护,52,protection
文艺,51,Literary
智能,51,intelligent
未来,51,future
人类,49,mankind
可能,49,possible
信息,48,Information
场景,48,scenario
原告,47,plaintiff
艺术,47,art
实现,45,implement
相关,45,correlation
生成式,44,Generative
需要,44,need
被告,43,defendant
软件,43,Software
问题,43,issue
侵权,42,Infringement
带来,41,bring forth
目前,41,presently
设计,40,devise
经济,39,economy
能够,39,can
制作,38,make
活动,38,activity
利用,37,exploit
成为,37,become
研发,37,R&D
传统,36,tradition
AIGC,35,AIGC
发布,35,publish
国家,35,country
打造,35,build
融合,35,Fusion
认为,35,think
全球,34,globe
形式,34,form
歌曲,34,song
记者,34,reporter
推动,33,nudge
法律,33,law
表示,33,denote
训练,33,training
互联网,32,internet
今年,32,this year
合作,32,cooperate
国际,32,international
探索,32,explore
方面,31,aspect
落地,31,be born
不能,30,No
全国,30,nationwide
智算,30,Wise calculations
游戏,30,Game
算法,30,algorithm
艺术家,30,artist
观众,30,spectator
侵犯,29,infringe
具有,29,have
功能,29,function
工作,29,Job
电影,29,Movie
语音,29,Voice
过程,29,process
包括,28,include
授权,28,authorization
已经,27,already
法院,27,court
能力,27,ability
赋能,27,Empowering
不同,26,different
著作权,26,copyright
音乐会,26,concert
产生,25,produce
有限公司,25,Ltd
不断,24,constant
互动,24,interaction
介绍,24,introduce
出现,24,appear
合成,24,synthesis
基础,24,foundation
情感,24,emotion
南京,23,nanking
孩子,23,child
完成,23,finish
工具,23,tool
文本,23,text
时代,23,era
深度,23,depth
编程,23,programming
规范,23,specification
优势,22,advantage
创意,22,originality
存在,22,exist
形成,22,formation
支持,22,support
方式,22,manner
权益,22,Rights
演绎,22,illation
行为,22,behavior
表达,22,expression
了解,21,understand
作曲,21,composition
展示,21,show
建设,21,construction
开放,21,opening
引发,21,Cause
推出,21,launch
提升,21,hoist
没有,21,No
涉及,21,involve
演唱,21,singing
生活,21,life
腾讯,21,Tencent
规模,21,scale
人士,20,personage
体验,20,experience
创作者,20,creator
影响,20,effect
成本,20,cost
持续,20,persistent
政策,20,policy
现场,20,scene
舞台,20,stage
虚拟,20,dummy
音色,20,timbre
项目,20,project
风险,20,risk
世界,19,world
个人,19,individual
关注,19,concern
实验室,19,laboratory
资源,19,resource
赛道,19,Track
输入,19,input
重点,19,focus
需求,19,demand
一定,18,certain
万元,18,"10,000 yuan"
万兴,18,Wondershare
上影,18,Upper Shadow
主题,18,topic
加快,18,quicken
参与,18,participate
感受,18,feel
版权,18,copyright
社会,18,society
结合,18,combine
联合,18,united
行者,18,Walker
负责人,18,Head
集团,18,clique
一场,17,A
全新,17,brand new
图片,17,Image
学习,17,study
审美,17,Aesthetic
市场,17,market
布局,17,layout
开发,17,exploitation
录音,17,recording
教育,17,educate
显示,17,display
机器人,17,robot
构成,17,constitute
管理,17,manage
网易,17,NetEase
规定,17,stipulate
达到,17,attain
青少年,17,juvenile
IP,16,IP
不少,16,many
人才,16,talent
关键,16,The essential
制品,16,goods
助力,16,Power
发现,16,found
团队,16,team
情况,16,circumstance
成都市,16,Chengdu City
挑战,16,challenge
推进,16,push forward
文博会,16,Cultural Fair
文字,16,writing
旋律,16,melody
未经,16,Without
权利,16,right
生态,16,ecology
这是,16,This is
配音,16,dub
音乐创作,16,Music composition
音频,16,audio
高校,16,University
亿元,15,100 million yuan
传播,15,disseminate
呈现,15,present
实践,15,practice
容易,15,easy
层面,15,Level
希望,15,wish
很多,15,A lot
提出,15,put forth
是否,15,Whether
核心,15,core
模仿,15,imitate
正在,15,ing
法治,15,rule of law
要求,15,request
认定,15,cognizance
运用,15,wield
进一步,15,further
之间,14,between
作曲家,14,composer
最终,14,ultimately
合法,14,legitimate
听障,14,Hearing impaired
国内,14,domestic
多个,14,multiple
大量,14,substantial
天幕,14,Sky
宇宙,14,universe
工业,14,industry
年轻人,14,youngster
我国,14,Our country
投入,14,input
正式,14,formal
独创性,14,Originality
现在,14,Right now
生产,14,produce
突破,14,breakthrough
系统,14,system
自动,14,automatic
自得,14,Complacent
语言,14,language
丰富,13,abundant
主要,13,main
交流,13,Communication
侵权案,13,Infringement cases
克隆,13,clone
城市,13,city
学校,13,school
学生,13,student
拥有,13,possess
文艺创作,13,Literary and artistic creation
明确,13,explicit
更好,13,better
未成年人,13,minor
殷某,13,Yin
琴社,13,Piano Society
用于,13,For
看来,13,seemingly
真正,13,genuine
知识产权,13,intellectual property
研究,13,research
翻译,13,Translation
获得,13,obtain
通用,13,general
重要,13,significant
一起,12,together
价值,12,value
共同,12,common
加速,12,hasten
即可,12,Can
去年,12,Last year
同样,12,equally
告诉,12,tell
围绕,12,enclose
垂类,12,Perpendiculars
处理,12,dispose
复原,12,rehabilitation
帮助,12,Help
开展,12,Carry out
悠然,12,Leisurely
效率,12,efficiency
方向,12,direction
标准,12,standard
模式,12,mode
海派,12,Shanghai
直接,12,direct
积极,12,aggressive
空间,12,space
细分,12,subdivision
起来,12,Get up
超过,12,exceed
集群,12,cluster
音乐节,12,Music festivals
音视频,12,Audio and video
首例,12,First
高新区,12,High-tech Zone
高质量,12,Quality
主体,11,Subject
代表,11,representative
使用者,11,user
侵害,11,infraction
促进,11,facilitate
具体,11,Specific
具备,11,have
出台,11,introduced
分析,11,analyse
判断,11,judgment
包含,11,contain
南京市,11,Nanjing
变化,11,variation
合理,11,plausible
多媒体,11,multimedia
娱乐,11,amusement
完善,11,refine
展现,11,Show
录制,11,Recording
快速,11,fast
政府,11,government
数字化,11,digitization
文生,11,Vincent
智慧,11,wisdom
曲目,11,track
案例,11,Case
江南,11,Gangnam
深入,11,thorough
深圳,11,Shenzhen
独特,11,unique
视觉,11,vision
聚焦,11,focus
自然人,11,natural person
行动,11,Let's go
表演,11,performance
调研,11,Research
运营,11,operation
这一,11,This
驱动,11,drive
魅力,11,charm
一首,10,One song
上线,10,Online
专业,10,specialized
个人信息,10,Personal Information
为例,10,For example
之春,10,Spring
乐器,10,musical instrument
先进,10,Advanced
创始人,10,founder
原创,10,Original
变革,10,change
坚持,10,Hang on
广泛,10,extensive
应对,10,Cope
强化,10,aggrandizement
必须,10,Have to
思考,10,ponder
成果,10,achievement
收集,10,gather
数量,10,quantity
时间,10,Time
机器,10,machine
构建,10,construct
残疾人,10,handicapped
治理,10,govern
注意,10,note
活力,10,vitality
演出,10,perform
演奏家,10,player
玩家,10,gamer
生产力,10,productivity
看到,10,see
知识,10,knowledge
程度,10,extent
第一课,10,Lesson 1
红楼梦,10,Dream
自主,10,autonomic
著作权法,10,Copyright Law
计划,10,plan
计算,10,compute
识别,10,identify
过去,10,past
进入,10,enter
阶段,10,stage
非常,10,Very
风格,10,style
首次,10,first
CEO,9,CEO
NPC,9,NPC
一种,9,A
举行,9,Held
争议,9,controversy
产业链,9,Industrial chain
人民网,9,People's Daily Online
从业者,9,Practitioners
企业家,9,entrepreneur
优化,9,optimize
作词,9,lyricist
其实,9,In fact
最大,9,utmost
加强,9,strengthen
升级,9,upgrade
协同,9,synergism
各地,9,Around
各类,9,Various
吸引,9,attract
图像,9,image
培育,9,cultivate
基础设施,9,infrastructure
增强,9,intensifier
大学,9,university
安全,9,safe
导致,9,result in
尝试,9,try
巨大,9,huge
应该,9,Should
报告,9,report
教授,9,professor
文化传媒,9,Culture and Media
新一代,9,Next generation
新质,9,New quality
新闻,9,News
无法,9,unable
更加,9,more
服务提供者,9,Service Providers
期待,9,expect
机构,9,institution
机械,9,machine
流量,9,flow rate
海外,9,overseas
真人,9,Reality
知名,9,famous
科学,9,science
答案,9,answer
简单,9,Simple
经典,9,classic
网友,9,Netizens
翻唱,9,cover song
考拉,9,koala
肖像权,9,Portrait
背后,9,behind
胡晨韵,9,Hu Chenyun
范围,9,range
论坛,9,forum
轨道,9,orbit
辅助,9,auxiliary
边界,9,boundary
这种,9,This
迭代,9,iterate
选择,9,choose
造成,9,cause
陈世哲,9,Chen Shizhe
零壹,9,Zero One
APP,8,APP
ChatGPT,8,ChatGPT
一位,8,A
一系列,8,Series
一键,8,One click
上海民族乐团,8,Shanghai Chinese Orchestra
专家,8,expert
两个,8,Two
交互,8,in turn
人物,8,figure
优秀,8,outstanding
体现,8,embodiment
健康,8,healthy
免费,8,gratis
全市,8,City
公开,8,public
最高,8,highest
创造,8,create
制造,8,fabricate
历史,8,history
同意,8,agree
基金,8,funds
多年,8,Years
奶茶,8,milk tea
如今,8,now
实验,8,experiment
对话,8,dialogue
小冰,8,Xiaoice
展开,8,unfold
展览,8,exhibit
属于,8,belong
已有,8,Already has
建立,8,establish
建议,8,suggestion
当时,8,then
很大,8,It's huge
战略,8,stratagem
接受,8,accept
推荐,8,recommend
提示,8,prompt
提高,8,improve
携手,8,Hand
放大,8,magnify
无限,8,boundless
暂行办法,8,Interim Measures
更新,8,update
李笛,8,Li Di
极米,8,XGIMI
歌词,8,lyrics
民族,8,ethnic group
海上,8,maritime
涉案,8,Involved
演奏,8,play
版本,8,version
特色,8,characteristic
现代,8,nowadays
目标,8,target
相应,8,corresponding
真实,8,authentic
研究院,8,research institute
社交,8,socializing
视听,8,audiovisual
简称,8,abbreviation
给予,8,Give
舞蹈,8,dance
芯片,8,chip
融入,8,Into
角色,8,role
解决,8,settle
计算机,8,Computer
责任,8,liability
越来越,8,Getting
转化,8,invert
钢琴,8,piano
钱秀莲,8,Qian Xiulian
门槛,8,doorsill
降低,8,lower
青年,8,youth
面向,8,face
领先,8,Leading
驾驶,8,drive
高度,8,height
一款,7,a
一直,7,always
专项,7,Special
严重,7,severe
个人隐私,7,Personal Privacy
主任,7,director
之后,7,afterwards
人工,7,artificial
人格权,7,Personality rights
人生,7,life
体系,7,system
儿童,7,child
元素,7,element
全面,7,comprehensive
公益,7,commonweal
关系,7,relationship
最新,7,Latest
写诗,7,Writing poetry
几行,7,A few lines
制造业,7,manufacturing
加入,7,join
动画,7,animation
区域,7,region
医疗,7,medical
各方,7,Parties
合法权益,7,Legitimate interests
和谐,7,harmonious
商业,7,commerce
四川,7,Sichuan
国风,7,National style
基本,7,essential
复杂,7,complex
大会,7,congress
大赛,7,Contest
天琴,7,Lyra
奇妙,7,Wonderful
媒体,7,media
学院,7,academy
实时,7,real time
客户,7,client
宣判,7,sentence
宣布,7,announce
对象,7,object
平衡,7,balance
应当,7,should
开发者,7,Developers
开启,7,Open
开源,7,open source
引导,7,steer
强大,7,powerful
当下,7,Present
当前,7,current
形象,7,image
成功,7,succeed
拥抱,7,embrace
控制,7,control
支撑,7,prop up
故事,7,tale
效果,7,effect
教学,7,teaching
整个,7,whole
文创,7,Cultural creativity
文艺作品,7,Literary and artistic works
旗下,7,Its
日前,7,Recently
朋友,7,Friend
机制,7,mechanism
来看,7,Come and see
案件,7,case
检测,7,detect
模态,7,modality
每年,7,annually
永久,7,perpetual
法律法规,7,Laws and Regulations
流畅,7,fluency
浙江省,7,Zhejiang Province
海量,7,magnanimity
消费,7,consume
满足,7,satisfy
激发,7,excite
特别,7,particularly
环境,7,environment
环球,7,Global
环节,7,tache
现实,7,reality
画画,7,Draw
瞄准,7,aim
硬件,7,hardware
第一次,7,For the first time
美国,7,United States
职业,7,occupation
觉得,7,felt
解决方案,7,solution
走进,7,Into
运动,7,motion
近日,7,recently
进步,7,progressive
适配,7,Adaptation
部分,7,part
采取,7,adopt
防范,7,guard against
阿加,7,Aga
面临,7,facing
首个,7,First
一步,6,one-step
一站式,6,All in one place
专精,6,Specialization
业界,6,Industry
中关村,6,Zhongguancun
中试,6,Pilot test
为主,6,Mainly
主张,6,claim
乐手,6,Musicians
乐队,6,band
也许,6,Maybe
享受,6,enjoy
人声,6,Vocals
众多,6,numerous
优质,6,quality
会址,6,Site
作出,6,devise
作用,6,function
修改,6,revise
充分,6,sufficiency
先导,6,forerunner
全力,6,Full
共有,6,in common
再次,6,again
冲击,6,impact
分享,6,share
创客,6,Maker
利益,6,benefit
加大,6,increase
动态,6,dynamic
动能,6,kinetic energy
千行,6,A thousand lines
协议,6,agreement
参数,6,parameter
变成,6,become
古琴,6,Guqin
各行各业,6,From all walks of life
合规,6,compliance
启蒙,6,enlightenment
品牌,6,brand
地区,6,region
地方,6,place
声韵,6,Rhyme
复制,6,copy
多家,6,More than
多所,6,Multiple
女士,6,lady
完全,6,completely
对外,6,foreign
对此,6,on this
小学,6,elementary school
小时,6,hour
局市,6,Bureau of the city
影视,6,Film
往往,6,frequently
很快,6,soon
微软,6,Microsoft
总部,6,headquarters
恒图,6,Constant Figure
想象,6,imagine
意味着,6,imply
意识,6,conscious
成熟,6,ripe
成立,6,establish
承担,6,Bear
技术创新,6,Technological innovation
投影,6,projection
投资,6,investment
据介绍,6,According to the introduction
推广,6,popularize
攻关,6,Research
时尚,6,vogue
晚会,6,soiree
普及,6,spread
普惠,6,Inclusive
有人,6,someone
机会,6,opportunity
校企,6,School-enterprise
歌声,6,Song
歌舞团,6,Song and Dance Troupe
比较,6,compare
汇聚,6,Convergence
沉浸,6,immerse
演员,6,actor
潜在,6,latent
爱迦,6,Aiga
率先,6,First
现象,6,phenomenon
生动,6,vivid
相声,6,crosstalk
碰撞,6,collide
第一,6,first
第一句,6,First sentence
精神,6,spirit
素材,6,material
经历,6,experienced
绘画,6,painting
维护,6,maintenance
维权,6,Rights
综合,6,synthesis
编剧,6,screenwriter
自然,6,nature
著名,6,famous
表现,6,manifestation
装置,6,device
西南,6,southwest
认知,6,cognition
课程,6,course
调整,6,adjust
走向,6,trend
走红,6,Popular
趋势,6,trend
跨界,6,Cross-border
路径,6,path
运行,6,run
适应,6,adapt
重新,6,anew
量化,6,quantify
防止,6,prevent
隐私,6,privacy
集聚,6,gather
预测,6,forecast
首届,6,First
高端,6,High
GPU,5,GPU
Sora,5,Sora
一年,5,year
一批,5,batch
一次,5,once
一类,5,Category 1
七中,5,Seven
上市,5,Listed
上演,5,perform
不受,5,No
东西,5,stuff
丝竹,5,Silk bamboo
个性,5,personality
中央音乐学院,5,Central Conservatory of Music
中学,5,secondary school
中小企业,5,Small and medium-sized enterprises
中广,5,Zhongguang
主办,5,Host
之前,5,before
乐趣,5,fun
互娱,5,Mutual entertainment
交易,5,trade
享有,5,enjoy
人文,5,humanities
人格,5,personality
仍然,5,remains
代替,5,In lieu of
以下,5,hereinafter
价格,5,Price
任务,5,task
仿真,5,emulation
伦理,5,ethics
体育,5,physical education
供给,5,supply
依托,5,Relying on
俄罗斯,5,Russia
信息化,5,Informatization
借助,5,Use
入选,5,Selected
公众,5,public
关键技术,5,Key technologies
兴起,5,Rise
兴趣,5,interest
最后,5,At last
几年,5,Years
出售,5,sell
分钟,5,minute
判决,5,verdict
剪辑,5,montage
动作,5,action
努力,5,Step up your game
十年,5,decade
发生,5,happen
发起,5,launch
取代,5,replace
受访,5,Interviewed
叙事,5,narrative
司法,5,judicature
各大,5,Major
名城,5,City
听众,5,audience
启动,5,initiate
唐青林,5,Tang Qinglin
商业化,5,commercialization
园区,5,Park
增长,5,increase
复合,5,compound
完整,5,complete
实力,5,strength
寻找,5,look for
导演,5,director
小镇,5,Small town
尤其,5,especially
尽量,5,As much as possible
展区,5,Area
属性,5,attribute
工程师,5,engineer
年度,5,annual
年月日,5,date
年轻,5,young
引领,5,Lead
张家湾,5,Zhangjiawan
张平,5,Zhang ping
强调,5,emphasize
强链,5,Strong chains
律师,5,lawyer
得到,5,get
想法,5,idea
想要,5,want
成长,5,grow
或许,5,maybe
手段,5,means
打开,5,Open it
找到,5,Found it
技术支持,5,Technical support
护栏,5,guardrail
担心,5,Lose sleep over something
担忧,5,worry
拓展,5,expand
指导,5,guide
损失,5,loss
损害赔偿,5,Indemnification
据悉,5,It is reported
掌握,5,master
接近,5,approach
播放,5,Play
改变,5,change
政策措施,5,Policy measures
教室,5,classroom
新华网,5,Xinhua
施行,5,administer
旨在,5,To
时空,5,spacetime
显著,5,Significant
智能化,5,Intelligent
曲风,5,Styles
朱里,5,Juri
机遇,5,Opportunity
森林,5,forest
模拟,5,mock
此前,5,Previously
每个,5,each
民乐,5,Folk music
沈复,5,Shen Fu
涵盖,5,Cover
深刻,5,profound
界面,5,interface
百业,5,All industries
百度,5,Baidu
盛宴,5,feast
直播,5,live broadcast
确保,5,ensure
示范,5,demonstration
禁止,5,forbid
福利,5,welfare
科创,5,Science and technology
究竟,5,result
签订,5,Signed
算力券,5,Hash coupons
类型,5,type
粉丝,5,A fan of someone
精准,5,Precision
系列,5,series
累计,5,Cumulative
纠纷,5,dispute
组建,5,Form
组成,5,compose
经信,5,Scripture
经验,5,experience
编曲,5,Arrangement
网络文学,5,Online literature
美好,5,fine
老师,5,teacher
联动,5,linkage
节目,5,program
营销,5,marketing
董事长,5,Chairman
虚假,5,FALSE
规则,5,rules
角度,5,angle
讲述,5,tell
许可,5,permission
诞生,5,birth
该案,5,The case
误导,5,mislead
赔礼道歉,5,repay
身着,5,Wearing
转换,5,conversion
轻松,5,relaxed
近年来,5,Recently
追求,5,pursue
适用,5,apply
逼真,5,realistic
邀请,5,invite
部门,5,department
采用,5,adopt
采访,5,interview
采购,5,procurement
重大,5,important
金融,5,finance
限制,5,limit
音乐作品,5,Musical compositions
音乐家,5,musician
首演,5,premiere
iNED,4,iNED
Lab,4,Lab
一体化,4,integration
一名,4,A
一审,4,First instance
一家,4,A
一段,4,A
一致性,4,consistency
一项,4,one
万人,4,"10,000 people"
万亿元,4,trillion yuan
不了,4,No
不仅仅,4,Not
专注,4,Focus
世纪,4,century
业内,4,Industry
严帅,4,Yan Shuai
严格,4,strict
中华,4,Chinese
中外,4,Chinese and foreign
举办,4,Held
举措,4,Measures
之南,4,South
之城,4,The city
乐团,4,orchestra
事实上,4,In fact
交互式,4,Interactive
交通,4,traffic
亮相,4,Appearance
人才培养,4,Talent development
以前,4,before
传递,4,deliver
余家,4,More than
作者,4,author
依然,4,still
偏离,4,deviate
做到,4,Do
允许,4,allow
克隆人,4,Clones
全世界,4,worldwide
全省,4,Province
公共数据,4,Public Data
公布,4,unveil
共创,4,Co-creation
共性,4,generality
共生,4,symbiosis
共舞,4,Dancing together
最佳,4,optimum
最初,4,initially
最早,4,earliest
最近,4,Recent
写实,4,Realistic
制定,4,formulate
前期,4,prophase
前沿,4,frontier
剧情,4,plot
力度,4,vigour
力量,4,strength
办公,4,Office
北京师范大学,4,Beijing Normal University
协作,4,collaboration
印发,4,Issued
原本,4,originally
参照,4,Reference
发出,4,emit
发挥,4,exert
口型,4,Mouth
只能,4,Only
各项,4,The
合作伙伴,4,Partners
后来,4,afterward
后续,4,Subsequent
向北,4,northward
呼吁,4,Called
喜爱,4,like
四川省,4,Sichuan Province
回答,4,Reply
在内,4,in
地标,4,landmark
基金会,4,foundation
填写,4,fill out
增加,4,increase
增长率,4,growth rate
多位,4,More than
多元,4,multivariant
多名,4,More than
大卫,4,David
大多,4,mostly
大师,4,guru
大战,4,War
头部,4,head
姓名权,4,Right to name
威胁,4,threat
它会,4,It will
实施,4,implement
实际,4,actual
审理,4,Trial
对接,4,docking
小米,4,millet
屏幕,4,screen
展现出,4,Show
展馆,4,Pavilion
工作室,4,studio
工坊,4,Workshop
工程,4,engineering
乡村,4,rustic
广西,4,Guangxi
底线,4,The bottom line
建圈,4,Build circles
建模,4,Modeling
引进,4,Introduce
归属,4,ascription
形态,4,morphology
彩云,4,Cloud
影响力,4,Influence
影片,4,film
影音,4,Video
很难,4,Hard
意见,4,opinion
所有人,4,All of them
手机,4,cell phone
抓取,4,crawl
报道,4,Reported
指令,4,directives
控制系统,4,Control system
提到,4,mention
搭建,4,build
播报,4,broadcast
改编,4,adapt
放在,4,Placed
整体,4,overall
文旅,4,Cultural tourism
文案,4,copy
新兴,4,emerging
方案,4,scheme
既有,4,existing
明星,4,star
明显,4,Plain as day
明途,4,Bright way
普通,4,ordinary
普通人,4,everyman
智力,4,intellect
曲线,4,curve
有效,4,effective
有着,4,Has
服饰,4,trappings
期间,4,duration
本次,4,This time
权威,4,authority
材料,4,material
村民,4,villager
来源,4,source
标识,4,logotype
框架,4,frame
案涉,4,Involved
梦想,4,dream
欣赏,4,admire
此类,4,Such
民法典,4,Civil Code
水平,4,level
江岭,4,Jiangling
江苏省,4,Jiangsu Province
汽车,4,Car
沐阳,4,Muyang
法律责任,4,legal liability
流行,4,popular
测试,4,Test
滥用,4,abuse
演艺,4,Acting
灵感,4,inspiration
灵活,4,flexible
热情,4,enthusiastic
热潮,4,upsurge
焕发,4,coruscate
片段,4,fragment
版权保护,4,Copyright Protection
特点,4,peculiarity
特质,4,idiosyncrasy
独立,4,independent
现有,4,existing
琵琶,4,pipa
生计,4,livelihood
登场,4,Debut
监管,4,Supervision
短时间,4,For a short period of time
社区,4,community
视角,4,visual angle
离不开,4,Inseparable from
科技产业,4,Technology industry
积累,4,accumulate
符合,4,accord with
算算,4,Do the math
类似,4,similar
紧密,4,tightness
组曲,4,suite
组织,4,organization
继续,4,Go on
维度,4,dimension
编辑,4,edit
缺乏,4,lack
网络科技,4,Network technology
群体,4,colony
聆听,4,Listening
聊天,4,chat
联系,4,contact
肯定,4,Sure
育才,4,Nurture talents
脱离,4,disengage
自由,4,freely
自觉,4,Conscious
致力于,4,To
艺术总监,4,Artistic Director
获悉,4,Learned
虚拟人,4,Virtual humans
行动计划,4,Action Plan
衍生,4,derive from
补助,4,subsidy
要素,4,element
规划,4,planning
规模化,4,Scale
解说,4,explanation
讨论,4,discuss
设置,4,Set up
评论,4,comments
评选,4,Selection
诈骗,4,swindle
说话,4,Speak
质量,4,quality
购买,4,purchase
费用,4,expenses
资本,4,capital
赔偿,4,indemnify
赢得,4,win
走出,4,walk out
赵伟峰,4,Zhao Weifeng
跟风,4,Follow suit
车载,4,Car
转型,4,transformation
软件园,4,Software Park
辐射,4,radiation
迅速,4,swift
迎来,4,usher
近期,4,Recent
这项,4,item
透露,4,reveal
逐渐,4,gradually
通常,4,usually
速度,4,velocity
里面,4,inside
阵容,4,lineup
陆续,4,successively
陶艺,4,Ceramic art
难以,4,Can't
难求,4,Hard to find
震撼,4,shock
面前,4,Front
面对,4,confront
韩国,4,Korea
音乐厅,4,concert hall
音乐界,4,Music
音符,4,musical notes
首批,4,first batch
高性能,4,Performance
鼓励,4,encourage
demo,3,demo
iSpeech,3,iSpeech
OpenAI,3,OpenAI
TikTok,3,TikTok
VR,3,VR
XPT,3,XPT
一体,3,One
一卡,3,One card
一句,3,A sentence
一把,3,A handful
一线,3,Line
一道,3,together
三个,3,Three
三大,3,Big three
上手,3,begin
上海市,3,Shanghai
下午,3,Afternoon
下来,3,Get down
下架,3,Taken off the shelves
不一会儿,3,Soon
不久,3,soon
不再,3,No longer
不到,3,No
不够,3,inadequate
不算,3,Not counted
专属,3,Exclusive
专属性,3,Exclusivity
专门,3,specialized
业内人士,3,Insiders
业务,3,business
东方,3,orient
个性化,3,personalize
中医,3,Chinese medicine
中小学,3,Schools
中药,3,medicinal herb
丰富多彩,3,colorful
丰收,3,bumper harvest
义务,3,obligation
主席,3,chairman
之下,3,under
之于,3,of
之歌,3,The song
尹学渊,3,Yin Xueyuan
乐坛,3,Music
乐曲,3,music
乐理,3,Music theory
乐谱,3,music
乐章,3,movement
事件,3,event
事情,3,thing
二期,3,Phase II
于阳,3,Yu Yang
云计算,3,cloud computing
亚洲,3,Asia
产物,3,product
亮点,3,bright spot
人会,3,People will
人机,3,Human-machine
人身,3,Personal
今天,3,Today
从事,3,In
以假乱真,3,Confuse the real with the fake
伊利亚,3,Elias
余项,3,Remainder
侗族,3,Dong
依法,3,Law
便捷,3,Convenient
保持,3,keep
信息安全,3,information security
信息技术,3,information technology
做出,3,make
做好,3,Do
停止,3,Stop it
催生,3,Spawn
儿童音乐,3,Children's music
先后,3,successively
公共,3,public
公共利益,3,Public interest
公民,3,citizen
共存,3,coexistence
共情,3,Empathy
共振,3,resonance
典型,3,typical
写入,3,write
决策,3,decision-making
准确,3,accurate
几乎,3,almost
出门,3,Out
分为,3,Divided into
刚刚,3,just
创业,3,entrepreneurship
创建,3,create
创排,3,Creation and arrangement
创造力,3,creativity
创造性,3,creativity
删除,3,Delete
剧场,3,theater
加工,3,processing
动力,3,impetus
助手,3,aides
北京市,3,Beijing
十分,3,very
半导体,3,semiconductor
华东,3,East
协会,3,association
单位,3,unit
单曲,3,single
博主,3,Bloggers
博士生,3,Doctoral
危机感,3,Crisis
即兴,3,improvisation
即将,3,Soon
原来,3,Originally
及于,3,and in
及时,3,promptly
双方,3,both sides
发布会,3,Conference
发掘,3,excavation
变为,3,Into
古代,3,ancient times
古典音乐,3,Classical music
各个领域,3,various fields
合伙人,3,copartner
名为,3,Named
名园,3,Famous Garden
名誉权,3,Right to reputation
后期,3,anaphase
后果,3,consequence
听觉,3,hearing
周年,3,anniversary
周期,3,cycle
咖啡,3,coffee
唢呐,3,Suona
唤醒,3,awaken
唯一,3,sole
商业模式,3,business model
商用,3,Commercial
喜欢,3,like
回应,3,Response
回忆,3,recall
因素,3,factor
困难,3,difficulty
固定,3,fixed
国产,3,Domestic
国内外,3,At home and abroad
国家级,3,National
国际化,3,internationalization
国际友人,3,International friends
坦言,3,Admitted
垂直,3,vertical
垃圾桶,3,trash can
培训,3,training
增多,3,increase
声学,3,acoustics
多种,3,multiple
大大,3,greatly
大成,3,Dacheng
大胆,3,boldness
大脑,3,cerebrum
天使,3,angel
奇谭,3,Strange Tan
契合,3,fit
孙玉镜,3,Sun Yujing
孵化,3,hatch
完美,3,Perfect
官方,3,official
定制,3,customize
宝马,3,Bmw
实体,3,entity
室内乐,3,chamber music
家庭,3,Family
富有,3,wealthy
尊重,3,respect
小学校,3,Elementary school
小琴,3,Violin
就业,3,employment
山海,3,Mountains and seas
岗位,3,Post
工作人员,3,staff member
巨头,3,magnate
已达,3,Reached
市民,3,townspeople
师生,3,Teachers
年底,3,End
底层,3,underlying
底座,3,base
座谈会,3,colloquium
建成,3,Built
开幕,3,Opening
开庭,3,Trial
开辟,3,inaugurate
引入,3,induct
引起,3,arouse
弹唱,3,Play and sing
当代,3,Contemporary
彰显,3,Shows
影城,3,Studios
必然,3,inevitable
必要,3,necessary
态度,3,attitude
思想,3,thought
性能,3,performance
总能,3,Always
想象力,3,imagination
意义,3,significance
感应,3,induction
感应器,3,inductor
愿意,3,willing
打印,3,print
执行,3,execute
扩大,3,enlarge
扩容,3,Expansion
扩展,3,extend
扫地,3,Sweeping
技艺,3,Skills
抄袭,3,plagiarize
投运,3,Put into operation
抢占,3,Seize
担任,3,As
拉车,3,Cart
拒绝,3,refuse
拜尔,3,Bayer
指出,3,pointed
捕捉,3,catch
掀起,3,lift
接下来,3,Next
推理,3,illation
提取,3,extract
摇滚,3,Rock
擅自,3,Without authorization
擅长,3,excel
支付,3,pay
敏感,3,susceptible
教育部,3,ministry of education
数实,3,Count
整合,3,conformity
文化产业,3,Cultural industries
新作,3,New
新型,3,new
新奇,3,novelty
新歌,3,Song
无论是,3,Either way
无障碍,3,Accessibility
日电,3,Daily electricity
日益,3,increasingly
明代,3,Ming dynasty
昨天,3,Yesterday
是因为,3,It's because
普惠算力,3,Inclusive computing power
普遍,3,universal
曝光,3,exposure
更大,3,Larger
更是,3,Even more
月底,3,Month
有力,3,forceful
有点,3,somewhat
有趣,3,interesting
未经许可,3,Without permission
本报讯,3,This newspaper
朱序,3,Zhu Xu
李召洋,3,Li Zhaoyang
极大,3,maximum
板块,3,plate
架构,3,Architecture
某款,3,A certain paragraph
样式,3,style
梯田,3,terrace
榜单,3,List
歌行,3,Song line
正确,3,That's right
沙坪坝区,3,Shapingba District
没想到,3,Unexpectedly
法国,3,France
法规,3,statute
注入,3,inject
注重,3,lay stress on
流传,3,Spread
浪潮,3,tidal wave
海报,3,posters
淘汰,3,eliminate
混淆,3,confuse
渗透,3,infiltrate
渲染,3,rendering
满意,3,satisfied
潜力,3,potential
炼制,3,Refining
热度,3,heat
热议,3,Hot discussion
爱好者,3,enthusiast
牙齿,3,tooth
物理,3,physics
牵头,3,Lead
特新,3,Exceptional
状况,3,state
状态,3,state
王志国,3,Wang Zhiguo
理解,3,understand
生产方式,3,mode of production
生成器,3,Generators
生机,3,Life
电子,3,electron
电影节,3,Film festival
画卷,3,Picture
画面,3,Picture
界定,3,define
痛点,3,pain point
登录,3,login
白泽,3,Bai Ze
目的,3,objective
相比,3,compared with
相继,3,Have
看待,3,regard
着力,3,Focus
知情,3,Informed
知法犯法,3,Knowing the law and breaking the law
知道,3,Know
视野,3,visual field
科幻电影,3,Science fiction movies
科研机构,3,Scientific research institutions
移动,3,move
立法,3,legislation
竞争力,3,Competitiveness
竞赛,3,contest
第一首,3,The first one
第三,3,third
第届,3,1st
签署,3,sign
类别,3,category
精密,3,precision
精彩,3,Wonderful
精细化,3,Refinement
紧密结合,3,Tightly bonded
繁荣,3,prosperity
纳入,3,Into
纷纷,3,one after another
纹理,3,texture
线上,3,online
细节,3,detail
经常,3,often
经济损失,3,Economic loss
结构,3,structure
给出,3,Given
统一,3,unification
编创,3,Editing
编舞家,3,Choreographer
缺陷,3,flaw
网站,3,site
网络时代,3,The Internet Age
耳目一新,3,Refreshing
聚集,3,gather
肖仰华,3,Xiao Yanghua
肖像,3,portrait
股份,3,share
能级,3,Level
自年,3,Since years
至少,3,At least
舞者,3,hoofer
良好,3,good
艺人,3,player
艺术创作,3,Artistic creation
艺术团,3,Troupe
艺术性,3,artistry
英文,3,English
莫扎特,3,Mozart
获批,3,Approved
营造,3,Create
蓉城,3,Rongcheng
虚实,3,Actual situation
融创节,3,Sunac Festival
融资,3,financing
行为人,3,Perpetrators
街区,3,block
表演者,3,Performers
被告方,3,Defense
覆盖,3,cover
解路禄,3,Xie Lulu
计算中心,3,Computing Center
计算器,3,calculator
认识,3,know
设备,3,equipment
设定,3,Set
评价,3,appraise
评估,3,assess
诉求,3,Demands
诉至,3,Sue to
词曲作者,3,Songwriter
说出,3,Say
调度,3,dispatch
负责,3,charge
贡献,3,contribute
贸易,3,trade
资金,3,fund
赋予,3,endow
超越,3,transcend
趣味,3,interesting
跨越,3,straddle
身份,3,identity
转化成,3,Transformed
软硬,3,Soft and hard
载体,3,carrier
达成,3,Reached
过度,3,excessive
运营商,3,Operators
近年,3,Recent
违背,3,disobey
连贯,3,Coherent
途径,3,Way
通信,3,correspondence
通知,3,notice
遇到,3,encounter
避免,3,avoid
郑康,3,Zheng Kang
部署,3,deploy
酒瓶,3,Wine bottles
采集,3,gather
镜头,3,lens
问问,3,Ask
院所,3,institutions
院长,3,dean
随机,3,random
障碍,3,barrier
难题,3,puzzle
集合,3,gather
雕塑,3,sculpture
青春,3,youth
面向未来,3,Future-proof
革命,3,revolution
音乐教育,3,Music education
预计,3,estimate
题材,3,subject matter
首席,3,chief
首款,3,First
首歌曲,3,songs
马栏,3,Horse fence
马海村,3,Mahai Village
魔音,3,Magic sound
龙飞,3,Long Fei
AIoT,2,AIoT
AlphaGo,2,AlphaGo
Clipfly,2,Clipfly
Fotor,2,Fotor
GPT,2,GPT
Im,2,Im
iNEW,2,iNEW
Me,2,Me
OST,2,OST
Play,2,Play
QQ,2,QQ
Steam,2,Steam
Studio,2,Studio
Suno,2,Suno
TME,2,TME
UGC,2,UGC
Yours,2,Yours
一个多月,2,More than a month
一个月,2,One month
一份,2,One copy
一半,2,halfway
一台,2,One
一套,2,A
一山,2,A mountain
一度,2,once
一曲,2,A song
一条,2,one
一概而论,2,Generalize
一秒,2,One second
一辆,2,One
一边,2,side
一部,2,A
一部分,2,part
万企,2,"10,000 enterprises"
万名,2,"10,000"
万物,2,Everything
三向,2,Three-way
三年,2,Three years
三维,2,three-dimensional
上传,2,upload
上午,2,morning
上述,2,aforementioned
下一代,2,Next generation
下功夫,2,Efforts
不久前,2,Recently
不利于,2,Not good
不太,2,Not really
不小,2,Not small
不应,2,"No, it shouldn't"
不断完善,2,Constantly improving
不时,2,sometimes
不易,2,Not easy
不知,2,ignorance
不确定性,2,uncertain
不良,2,undesirable
不良现象,2,Undesirable phenomena
不行,2,No way
不负责任,2,Irresponsible
专用,2,special
专访,2,Interview
专辑,2,album
业务收入,2,Business income
业态,2,format
东数,2,Eastern Digital
两人,2,Two people
两位,2,Two people
两大,2,Two big
两项,2,two
丽莎,2,Lisa
中华文化,2,Chinese culture
中国互联网络信息中心,2,China Internet Network Information Center
中国香港,2,"Hong Kong, China"
中小,2,Small
中有,2,There are
中法,2,Franco-Chinese
中科,2,Zhongke
中科院,2,Cas
主观,2,subjective
举报,2,report
之上,2,above
之中,2,among them
之初,2,At the beginning
之境,2,realm
之夜,2,Night
之旅,2,Tours
之美,2,beauty
之际,2,Occasion
乐园,2,paradise
九段,2,Nine paragraphs
书面,2,Written
买卖合同,2,Sales and Purchase Contract
争创,2,Create
事务所,2,office
事实,2,fact
二度,2,Second degree
二次,2,quadratic
互联网络,2,Internet
亚运,2,Asian Games
亟待,2,Needs
交响乐,2,Symphony
产业化,2,industrialization
产值,2,Output
产品质量,2,Product quality
产学研,2,Industry-university-research
亲人,2,close relatives
人人,2,Everyone
人员,2,personnel
人大,2,Npc
人数,2,Number
人民,2,people
人群,2,crowd
仅仅,2,just
今后,2,henceforth
今年以来,2,Since the beginning of this year
介入,2,intervention
代价,2,price
以外,2,beyond
仪式,2,rite
优先,2,precedence
优秀作品,2,Excellent work
伙伴,2,partner
会上,2,will be there
伟达,2,Weida
传感器,2,sensor
传承,2,Inheritance
伪造,2,forge
伴随,2,chaperonage
位置,2,location
低于,2,Below
低成本,2,Low cost
体会,2,Experience
何物,2,What
余名,2,More than
作图,2,Drawing
使命,2,mission
使者,2,emissary
供应商,2,vendor
依旧,2,Still
侵权行为,2,tort
便是,2,Is
促发展,2,Promote development
保证,2,guarantee
保障,2,guarantee
信心,2,confidence
信诺,2,Cigna
借鉴,2,Reference
值得,2,worth
值得注意,2,Noteworthy
停止使用,2,Discontinue use
停顿,2,pause
像是,2,Like
像素,2,pixel
元气,2,Strength
充分利用,2,Make the most of it
充满,2,full
先发,2,First strike
全盘,2,Overall
全网,2,The whole network
八大,2,Eight
公安部,2,Public security
公平,2,fair
公开信,2,open letter
公开赛,2,Open
共享,2,share
共同完成,2,Done together
共鸣,2,resonance
关联,2,relevancy
其间,2,meantime
内涵,2,connotation
内部,2,interior
再度,2,Again
冒充,2,Impersonating
最强,2,The strongest
写作,2,writing
农场,2,farm
冲突,2,conflict
准确度,2,accuracy
准确性,2,accuracy
准确率,2,Accuracy
减少,2,decrease
几个,2,several
出发,2,Let's go
出品,2,produce
出圈,2,Out of the circle
出新,2,out of the new
出海,2,Sea
出版商,2,publisher
分界,2,dividing line
分身,2,Doppelganger
切断,2,cut off
刘硕,2,Liu Shuo
刘维东,2,Liu Weidong
创新型,2,Innovative
创立,2,Founded
创设,2,create
初步,2,tentatively
到来,2,arrival
前不久,2,Not long ago
前所未有,2,unprecedented
前提,2,precondition
前景,2,foreground
前沿技术,2,Cutting-edge technology
剧本,2,screenplay
剧目,2,repertoire
副总裁,2,Vice President
副教授,2,associate professor
力争,2,Strive
办法,2,way
加上,2,plus
加减乘除,2,"Addition, subtraction, multiplication and division"
动人,2,moving
动听,2,Beautiful
劳动,2,labor
包容,2,inclusive
包裹,2,parcel
化后,2,After melting
区块,2,Block
医生,2,doctor
华为,2,Huawei
协调,2,harmonize
单个,2,Single
博物馆,2,museum
卡特,2,Carter
印刷,2,printing
危及,2,endanger
即用,2,Ready to use
历来,2,always
原则,2,principle
原创性,2,Originality
原声,2,Original
原理,2,principle
参加,2,attend
参展,2,Exhibition
友好,2,friendly
双刃剑,2,Double-edged sword
反复,2,repeatedly
反应,2,react
发力,2,Force
发声,2,vocalization
发展趋势,2,Trends
发放,2,Issue
发音,2,pronounce
取决于,2,depend upon
取得,2,acquire
受众,2,Audience
口味,2,taste
古今,2,Ancient and modern
古典,2,Classical
古筝,2,zither
古老,2,old
句子,2,sentence
只此,2,That's all
召开,2,convene
可及,2,Accessible
可能性,2,possibility
号馆,2,Hall No
各界,2,all circles
合唱,2,chorus
合奏,2,concert
合弹,2,Combo
合法权利,2,Legal Rights
同学们,2,Classmates
同行,2,Peer
向上,2,up
向善,2,Be kind
听到,2,hearing
启发,2,enlighten
吴太兵,2,Wu Taibing
呈现出,2,presented
告知,2,inform
命门,2,Destiny
咖啡机,2,Coffee machine
品质,2,quality
响起,2,Rang
唐一雯,2,Tang Yiwen
唐代,2,tang dynasty
唐彬,2,Tang Bin
唐朝,2,Tang dynasty
唐诗,2,Tang poetry
唱响,2,Singing
唱歌曲,2,Sing songs
唱片,2,record
唱腔,2,aria
商业秘密,2,trade secret
商场,2,mall
喂料,2,Feeding
善意,2,goodwill
喝到,2,Drink to
嗓音,2,voice
嘉年华,2,carnival
器乐,2,instrumental music
四个,2,Four
因其,2,Because of it
因地制宜,2,Adapt to local conditions
团长,2,Head
国乐,2,Chinese music
国产化,2,Localization
国外,2,abroad
国家队,2,National
国潮,2,National tide
国色,2,National color
国门,2,Abroad
图文,2,Graphic
圆梦,2,Make your dreams come true
圈粉,2,Circle fans
在场,2,present
在线,2,online
地域,2,regional
场域,2,Field
坚决,2,resolute
培养,2,cultivate
基本上,2,basically
基站,2,base station
塑造,2,mold
墙上,2,on the wall
增至,2,Increase to
增速,2,increase speed
增量,2,increment
士人,2,Scholars
壮大,2,Grow
声乐,2,vocality
声明,2,statement
声线,2,Voice
声部,2,Voice
处于,2,In
处罚,2,punish
处置,2,disposal
备受,2,Much-owned
备受瞩目,2,In the spotlight
复旦大学,2,Fudan University
复杂性,2,complexity
多人,2,Multiplayer
多地,2,Multiple places
多层次,2,Multi-level
多样,2,Diverse
多样化,2,diversify
多样性,2,diversity
大力,2,vigorously
大型,2,large
大幅,2,substantially
大约,2,approximately
大规模,2,massive
大运会,2,Universiade
天宫,2,Temple
太极,2,tai chi
夯实,2,tamp
失业,2,unemployment
奋进,2,Endeavor
奠定,2,establish
好像,2,It seems like
好奇,2,curious
好玩,2,playful
如火如荼,2,Cooking with gas
委托,2,entrust
委的,2,Commissioned
姿态,2,attitude
孙燕姿,2,Stefanie Sun
季睿,2,Ji Rui
季等,2,"Quarters, etc"
学术,2,academic
孪生,2,Twin
守住,2,Hold
宋庆龄基金会,2,Soong Ching Ling Foundation
完备,2,Complete
定义,2,definition
定军山,2,Dingjun Mountain
实务,2,Practice
实验田,2,Experimental field
审核,2,Audit
家乡,2,hometown
对决,2,Showdown
对外开放,2,Opening
对应,2,corresponding
寻求,2,seek
导师,2,mentor
导航,2,navigation
将会,2,Yes
将来,2,future
小汽车,2,Car
小组,2,Group
小问,2,Ask
少数民族,2,minority
尚存,2,Surviving
尚未,2,not yet
尝鲜,2,Try it first
屏幕显示,2,On-screen display
展出,2,exhibit
展台,2,Booth
展品,2,Exhibits
崔博,2,Cui Bo
崛起,2,rise
工作坊,2,workshop
左右,2,around
巧妙,2,artful
巨人,2,giant
已为,2,Already
市场化,2,Marketization
带动,2,drive
带领,2,lead
常见,2,common
干冰,2,dry ice
平方米,2,square metre
年初,2,Early
并未,2,Not
广大,2,General
广泛应用,2,Wide range of applications
广电,2,Broadcasting
广电总局,2,"State Administration of Radio, Film and Television"
广阔,2,spacious
应用领域,2,Fields of application
底气,2,Emboldened
开场,2,Opening
开年,2,The beginning of the year
开悟,2,enlightenment
开放平台,2,Open platform
开端,2,start
异曲同工,2,Same
引用,2,cite
张凯,2,Zhang Kai
弹到,2,Bounce to
弹奏,2,play
强劲,2,powerful
当天,2,That day
当庭,2,Court
影元,2,Shadow Element
影都,2,Shadow Capital
征集,2,Collecting
心算能力,2,Mental arithmetic skills
忧虑,2,apprehension
念念,2,Niannian
思维,2,thinking
总监,2,majordomo
总经理,2,managing director
总额,2,Total
情景,2,scene
惊人,2,amazing
惊呼,2,exclaim
惩戒,2,Disciplinary
意外,2,accidentally
感到,2,feel
感觉,2,feel
成员,2,member
成片,2,into pieces
所有者,2,owner
所谓,2,so-called
手法,2,technique
打磨,2,burnish
打通,2,get through
扫描,2,scan
扮演,2,play
扶持,2,support
承诺,2,promise
承载,2,Bearing
技巧,2,skill
技术开发,2,Technology development
技术手段,2,Technical means
把握,2,grasp
抗辩,2,Defense
抢位,2,Grab a seat
报业,2,Newspapers
报名,2,Application
披头士乐队,2,The Beatles
抵制,2,boycott
拉动,2,Pull
拓宽,2,Broaden
拔高,2,Overstating
择优,2,Preferred
指引,2,guidelines
指数,2,index
指标,2,index
换脸,2,Face swap
排名,2,ranking
排练厅,2,Rehearsal hall
掠夺性,2,Predatory
探寻,2,Explore
接到,2,receive
接洽,2,consult with
掩盖,2,conceal
提供者,2,provider
提速,2,Speed
提高效率,2,Increase efficiency
揭晓,2,Reveal
摩拳擦掌,2,Gear up
播音,2,broadcast
操作系统,2,operating system
收取,2,charge
收获,2,harvest
收藏,2,collection
改革,2,reform
放映,2,screen
故乡,2,hometown
敞开,2,open
敦促,2,press
数学,2,mathematics
数据管理,2,Data management
文件,2,file
文化节,2,Cultural festivals
文学,2,literature
新一轮,2,A new round
新人,2,newcomer
新增,2,New
新形态,2,New forms
新能源,2,New energy
方便,2,convenient
方法,2,method
旅游,2,tourism
旗袍,2,cheongsam
旗遇,2,Flag Encounter
无人机,2,drone
无异,2,It's no different
无数,2,countless
日常生活,2,daily life
日日,2,Day by day
早期,2,early
明确提出,2,Clearly stated
明说,2,Ming said
易用,2,Use
是不是,2,Isn't it
晓多,2,Xiaoduo
普通用户,2,Regular users
智库,2,think tank
更具,2,More
曾经,2,once
月初,2,Month
有损,2,Lossy
有没有,2,Do you have
有过,2,There were
有限责任,2,Limitation of Liability
服务商,2,Service
服务器,2,server
服务平台,2,Service Platform
服务费,2,service charge
未能,2,cannot
本土化,2,Localization
本案,2,The case
本质,2,essence
机柜,2,Cabinets
机械类,2,Mechanical
李世石,2,Lee Sedol
条款,2,article
来源于,2,From
极具,2,Exactly
极高,2,Extremely high
杭州,2,Hangzhou
枢纽,2,hub
校园,2,campus
校庆,2,Anniversary
样子,2,appearance
根源,2,root
桂林,2,Guilin
桥梁,2,bridge
梳理,2,carding
棋手,2,chess player
模仿者,2,Copycats
次元,2,dimension
歌唱,2,sing
正常,2,normal
正规,2,regularity
此基础,2,This foundation
武器,2,weapons
残疾,2,handicapped
残障,2,Disability
段江,2,Duan Jiang
比拼,2,Competition
比重,2,specific gravity
民族乐器,2,National musical instruments
民族音乐,2,Folk music
民间,2,Folk
永远,2,forever
江山,2,landscape
沉淀,2,precipitation
沉迷,2,indulge
泄露,2,divulge
法人,2,juridical person
法外,2,Extrajudicial
法案,2,bill
波兰,2,Poland
洗碗,2,Wash the dishes
活跃,2,active
派对,2,party
流媒体,2,Streaming
流派,2,genre
测评,2,Evaluation
海淀,2,Haidian
海淀区,2,Haidian District
消费者,2,consumer
涉嫌,2,Suspected
涉软,2,Soft dabble
深化,2,deepen
深受,2,By
深耕,2,Deep
混音,2,Remixing
清华大学,2,Tsinghua University
温度,2,temperature
游园,2,Garden
游客,2,visitor
源头,2,source
潜能,2,Potential
潮流,2,tidal current
澳大利亚,2,Australia
激增,2,proliferate
激活,2,activation
灯光,2,lamplight
炼丹,2,Alchemy
烧钱,2,Burn money
焦点,2,focus
熊猫,2,panda
爆火,2,Explosion
爵士,2,Sir
版税,2,Royalties
特定,2,specific
特征,2,features
特新千校,2,Special new thousand schools
独创,2,Original
独有,2,Unique
王炸,2,King fried
玩法,2,Play
现代舞,2,Contemporary
理事长,2,Chairman
理念,2,idea
理想,2,ideal
琴为,2,Piano for
瑕疵,2,blemish
瓶颈,2,bottleneck
生产者,2,producer
生命,2,life
生态系统,2,ecosystem
生成物,2,resultant
生效,2,take effect
生物,2,creature
用得上,2,It works
申领,2,Claim
电信,2,telecommunications
电商,2,E-commerce
电子音乐,2,electronic music
电脑,2,Computer
电话,2,Phone
畏惧,2,fear
百万,2,million
百家,2,100 schools
监控,2,monitor
盗版,2,piracy
目光,2,gaze
相似,2,similar
相信,2,believe
相对,2,relatively
相机,2,camera
相结合,2,combined
相较,2,comparatively
看似,2,seemingly
真伪,2,Authenticity
真实性,2,facticity
真的,2,It's true
眼球,2,eyeball
眼镜,2,spectacles
矛盾,2,contradiction
短临,2,Short-lived
研制,2,Development
研究员,2,researcher
破圈,2,Break the circle
破坏,2,destruction
确立,2,establish
确认,2,Confirm
社会主义,2,socialism
社会公德,2,Social morality
神兽,2,Mythical beasts
种植,2,planting
科幻,2,science fiction
科技前沿,2,Cutting-edge technology
科技园区,2,Science and Technology Parks
科技成果,2,Scientific and technological achievements
科技界,2,Science Sector
科技节,2,Science and Technology Festival
科技部,2,Ministry of Science and Technology
科技领域,2,Science and technology
科普,2,Science
科研,2,scientific research
科考船,2,Research vessels
秒左右,2,seconds
程序,2,procedure
程序接口,2,Program interface
稚嫩,2,Tender
空天,2,Empty space
穿越,2,Through
突出,2,prominent
突围,2,Breakthrough
窃取,2,filch
竞技,2,athletics
第七届,2,Seventh
第三方,2,third party
第次,2,For the first time
等家,2,and so on
等待,2,await
算料,2,Counting
类短,2,Class short
精髓,2,quintessence
素养,2,attainment
紫金,2,Purple gold
繁花,2,Flowers
红线,2,red line
红色,2,red
纽约,2,New York
线下,2,Offline
组委会,2,Organizing committee
细化,2,Refinement
细腻,2,Delicate
结束,2,Come to an end
结果显示,2,The results are displayed
绝大多数,2,Most
绝缘,2,insulation
统计,2,statistics
继承,2,inherit
编织,2,weave
编配,2,Allocation
缤纷,2,Colorful
缪斯,2,Muse
网信,2,Internet information
网络平台,2,Web platform
罗密欧,2,Romeo
美术,2,fine arts
考虑,2,consider
考量,2,Considerations
联盟,2,coalition
联网,2,networking
联署,2,Signed
聪明,2,clever
背景,2,background
胜诉,2,Win
能量,2,energy
脑科学,2,Brain Science
脱颖而出,2,Fore
脸部,2,Face
自我,2,self
自研,2,Self-developed
致敬,2,salute
舆论,2,public opinion
舞剧,2,ballet
良性,2,virtuous
艾莉,2,Ellie
节点,2,node
花朵,2,blossoms
花费,2,spend
若干,2,Several
英国,2,United Kingdom
范畴,2,category
菡萏,2,Hanli
营利,2,Profit
著作权人,2,Copyright Owner
落户,2,Settled
蓄势,2,Gather momentum
蓝云,2,Blue clouds
虚拟现实,2,virtual reality
蜂鸟,2,hummingbird
补偿,2,compensate
补充,2,supplement
补贴,2,subsidy
表情,2,expression
表明,2,indicate
袖子,2,sleeves
装束,2,attire
西南财经大学,2,Southwestern University of Finance and Economics
西方,2,western
西算,2,Western reckoning
要点,2,essentials
见证,2,witness
观察,2,observe
观念,2,concept
观礼,2,Ceremony
观赏,2,ornamental
解释,2,interpretation
计算机技术,2,Computer
议题,2,Issues
记忆,2,memory
讲解,2,explain
访问量,2,Visits
证明,2,prove
评测,2,Evaluation
识别性,2,Recognizable
诊断,2,diagnosis
试点,2,Pilot
试验区,2,Pilot area
话题,2,topic
诠释,2,Interpretation
语义,2,semanteme
诱导,2,induce
说道,2,Said
请求,2,request
诸多,2,Many
课题,2,problem
调取,2,Retrieval
谢一,2,Xie Yi
谷歌,2,Google
贬低,2,belittle
贴近,2,Close
赔偿损失,2,Compensation for damages
赛迪,2,Sadie
走访,2,interview
赵臻,2,Zhao Zhen
起诉,2,indict
超算,2,Supercomputing
超算智算,2,Supercomputing and intelligent computing
超级,2,super
跟进,2,follow up
跨文化,2,Cross-cultural
身边,2,Side
转换成,2,Convert to
软件平台,2,Software platform
软硬件,2,Hardware
辅助工具,2,Auxiliary tools
辩称,2,argued
迁移,2,migrate
过错,2,fault
运转,2,running
还会,2,Yes
这份,2,This
这头,2,This head
这家,2,The
进展,2,progress
违规,2,Violations
连接,2,connect
连续,2,coiled
连连,2,Repeatedly
迫切需要,2,There is an urgent need
道德,2,morality
道歉,2,apologize
遥感,2,remote sensing
邓鑫,2,Deng Xin
配乐,2,Soundtrack
配以,2,With:
配套,2,assorted
采用率,2,Adoption rate
重塑,2,reshape
重庆,2,Chongqing
重新安排,2,reorder
重视,2,set store by
重逢,2,Reunion
银翔,2,Yinxiang
链接,2,link
链条,2,chain
链路,2,Links
长发,2,Hair
长大,2,Grow up
长者,2,Elderly
闭环,2,Closed loop
问世,2,Came out
阐述,2,expound
阮晋勇,2,Nguyen Tan Dung
阵阵,2,Bursts
陈俊恺,2,Chen Junkai
降本增效,2,Reduce costs and increase efficiency
限于,2,Limited
院士,2,academician
陪伴,2,accompany
随意,2,random
隐私权,2,Privacy
难点,2,nodus
集体,2,collectively
雨后春笋,2,Springing
雪龙号,2,Snow Dragon
震动,2,shake
青睐,2,good graces
青绿,2,Green
非法,2,illegal
靳埭强,2,Jin Daiqiang
音乐季,2,Music season
音乐风格,2,Musical style
音书,2,Audio book
音域,2,range
音箱,2,Speakers
韵味,2,Charm
顶尖,2,Top
顶流,2,Top stream
顺序,2,order
顾名思义,2,Name implies
颁布,2,promulgate
预见,2,foresee
领略到,2,Appreciate
颜君,2,Yan Jun
风而行,2,The wind goes
风采,2,mien
飞速发展,2,Rapid development
食物,2,food
饭店,2,Restaurant
饱和,2,saturate
首台,2,The first one
首期,2,Down
首歌,2,songs
首秀,2,Debut
香港,2,Hong Kong
马拉松,2,marathon
验证,2,verify
骗子,2,swindler
骗局,2,swindle
骨骼,2,skeleton
高地,2,highland
高效,2,highly efficient
高月洁,2,Gao Yuejie
高精度,2,High precision
高达,2,Up
高通,2,Qualcomm
魔小璇,2,Mo Xiaoxuan
鲜明,2,Distinct
鹏程,2,Pengcheng
黑白,2,black and white
龙胜县,2,Longsheng County
AIGCAI,1,AIGCAI
AIIP,1,AIIP
AIPPT,1,AIPPT
Al,1,Al
AOI,1,AOI
API,1,API
App,1,App
ARVR,1,ARVR
Autopilot,1,Autopilot
A股,1,A shares
A轮,1,Series A
BI,1,BI
ChatGPTMidjourneyStable,1,ChatGPTMidjourneyStable
Copilot,1,Copilot
Dae,1,Dae
DALLE,1,DALLE
Diffusion,1,Diffusion
Drake,1,Drake
EDA,1,EDA
Fahim,1,Fahim
filmMarathon,1,filmMarathon
Filmora,1,Filmora
FLOPSFP,1,FLOPSFP
Ghostwriter,1,Ghostwriter
Google,1,Google
Guides,1,Guides
Hackathon,1,Hackathon
Health,1,Health
Hz,1,Hz
IDC,1,IDC
Illiac,1,Illiac
Insider,1,Insider
iPAi,1,iPAi
iPod,1,iPod
IT,1,IT
Khan,1,Khan
KPI,1,KPI
Lims,1,Lims
LUCY,1,LUCY
MedGPT,1,MedGPT
ms,1,ms
MUSE,1,MUSE
MV,1,MV
New,1,New
NMPA,1,NMPA
NPCNPC,1,NPCNPC
NPUGPU,1,NPUGPU
OSMAGIC,1,OSMAGIC
PGC,1,PGC
Piotr,1,Piotr
PK,1,PK
Polska,1,Polska
Pre,1,Pre
RB,1,RB
Saas,1,Saas
SHO,1,SHO
SimilarWeb,1,SimilarWeb
SKU,1,SKU
SkyMusic,1,SkyMusic
Sofar,1,Sofar
Spotify,1,Spotify
SSV,1,SSV
STAGE,1,STAGE
SUNO,1,SUNO
SunoAI,1,SunoAI
Swift,1,Swift
Taylor,1,Taylor
TDT,1,TDT
The,1,The
Tiamat,1,Tiamat
TOP,1,TOP
UMG,1,UMG
VRAR,1,VRAR
vs,1,vs
Waymo,1,Waymo
Weeknd,1,Weeknd
Wondershare,1,Wondershare
WOW,1,WOW
XR,1,XR
X光,1,X-ray
YOUNG,1,YOUNG
Youtube,1,Youtube
一个个,1,One by one
一个多,1,One more
一付,1,One pay
一代,1,generation
一代人,1,generation
一众,1,Crowded
一体机,1,All-in-one machine
一分钟,1,One minute
一只,1,a
一号,1,One
一同,1,together
一周,1,week
一堂课,1,One lesson
一处,1,One place
一大,1,One big
一天,1,One day
一头,1,A
一审判决,1,First instance judgment
一屏,1,One screen
一帧,1,One frame
一席之地,1,Place
一幅,1,One piece
一座,1,One
一张,1,One sheet
一想,1,Think about it
一新,1,New
一日,1,One day
一条条,1,One by one
一条龙,1,Dragon
一杯,1,One cup
一架,1,One
一梦,1,A dream
一楼,1,Ground floor
一模一样,1,Mold
一段时间,1,
一流,1,
一点,1,
一生,1,
一票,1,
一程,1,
一笔,1,
一米,1,
一经,1,
一致,1,
一芯,1,
一行,1,
一言不合,1,
一蹴而就,1,
一身,1,
一遍,1,
一门,1,
一阵,1,
一飞智控,1,
一首首,1,
七八分钟,1,
七十二个,1,
七成,1,
万业,1,
万个,1,
万亿,1,
万件,1,
万公里,1,
万兴播,1,
万卡,1,
万台,1,
万平方米,1,
万条,1,
万次,1,
万种,1,
万美元,1,
万能,1,
万首,1,
三下,1,
三人,1,
三仅,1,
三以,1,
三位,1,
三分之一,1,
三场,1,
三大王,1,
三年级,1,
三庭,1,
三批,1,
三方,1,
三某,1,
三江,1,
三甲,1,
三类,1,
三系仅,1,
三部,1,
三驾,1,
上万元,1,
上下文,1,
上下游,1,
上个世纪,1,
上个月,1,
上乘,1,
上升,1,
上半场,1,
上去,1,
上受,1,
上头,1,
上家,1,
上市公司,1,
上海交大,1,
上海音乐学院,1,
上班,1,
上班族,1,
上用,1,
上离,1,
上规,1,
上诉期,1,
上课,1,
上超,1,
上闻,1,
上限,1,
上音,1,
上马,1,
下半场,1,
下半年,1,
下单,1,
下放,1,
下载,1,
不为,1,
不单单是,1,
不可,1,
不可或缺,1,
不可避免,1,
不合理性,1,
不定期,1,
不尽相同,1,
不已,1,
不当,1,
不得不,1,
不必要,1,
不折不扣,1,
不改,1,
不断更新,1,
不断进步,1,
不深,1,
不点,1,
不用,1,
不知情,1,
不禁,1,
不绝,1,
不良嗜好,1,
不论是,1,
不足,1,
不远,1,
不高,1,
与会,1,
与时俱进,1,
与此相关,1,
专业人才,1,
专业化,1,
专业性,1,
专场,1,
专委会,1,
专家团,1,
专网,1,
专题,1,
世界各地,1,
业余,1,
东北大学,1,
东南大学,1,
东方文化,1,
东西方,1,
东路,1,
丢掉,1,
两周,1,
两回事,1,
两大类,1,
两家,1,
两幅,1,
两年,1,
两旁,1,
两款,1,
两种,1,
两类,1,
两者之间,1,
严格控制,1,
严格来说,1,
严格遵守,1,
严禁,1,
个人身份,1,
个人风格,1,
个案,1,
中介,1,
中医院,1,
中去,1,
中向,1,
中因,1,
中国作家协会,1,
中国围棋,1,
中国式,1,
中国戏曲学院,1,
中国民歌,1,
中国电影家协会,1,
中国科协,1,
中国科学技术馆,1,
中国科学院,1,
中国篮球,1,
中国航天,1,
中国音乐家协会,1,
中均,1,
中央宣传部,1,
中如,1,
中小学生,1,
中文,1,
中文版,1,
中是,1,
中曾,1,
中极,1,
中殷,1,
中算力,1,
中老年人,1,
中英文,1,
中英粤种,1,
中药味,1,
中药材,1,
中西,1,
中要,1,
中阮,1,
中非,1,
中飞到,1,
丰泰,1,
丰满,1,
丰硕成果,1,
义不容辞,1,
为个,1,
为华,1,
为实,1,
为序,1,
主创,1,
主动,1,
主动权,1,
主导者,1,
主持,1,
主持人,1,
主播,1,
主攻手,1,
主板,1,
主治医生,1,
主流,1,
主管部门,1,
主角,1,
举例,1,
举办地,1,
举证,1,
之争,1,
之内,1,
之列,1,
之名,1,
之声,1,
之处,1,
之外,1,
之妙,1,
之快,1,
之春列,1,
之春找,1,
之景,1,
之神,1,
之路,1,
之路观,1,
之音,1,
乌镇,1,
乍听,1,
乐句,1,
乐见,1,
乐集,1,
乘数,1,
也就是说,1,
书法,1,
买单,1,
买断,1,
乱象,1,
乳腺,1,
乳腺癌,1,
了晓萱,1,
予以,1,
争当,1,
争论,1,
事业,1,
事业部,1,
事关,1,
事务所律师,1,
事实证明,1,
事物,1,
事由,1,
二三十,1,
二为,1,
二分法,1,
二创,1,
二对,1,
二次元,1,
二班,1,
二维码,1,
二者,1,
亏损,1,
云亭,1,
云南,1,
云南省,1,
云山,1,
云算力,1,
互动性,1,
互联,1,
五个一工程,1,
五十多年,1,
五向,1,
五家,1,
五次,1,
五音不全,1,
井喷式,1,
亚利桑那州,1,
亚残运,1,
交上来,1,
交出,1,
交响音乐会,1,
交恶,1,
交手,1,
交易者,1,
交替,1,
交汇,1,
交流中心,1,
交流活动,1,
交织,1,
交给,1,
交融,1,
交错,1,
产业布局,1,
产出,1,
产品化,1,
产品开发,1,
产权保护,1,
产线,1,
产能,1,
京剧,1,
亮眼,1,
亲切,1,
亲口,1,
亲子,1,
人像,1,
人导视,1,
人小琴,1,
人形,1,
人才交流,1,
人才资源,1,
人有,1,
人机交互,1,
人来,1,
人格尊严,1,
人民币,1,
人民日报社,1,
人气,1,
人沐岚,1,
人生价值,1,
人生哲理,1,
人益,1,
人眼,1,
人筱竹,1,
人能,1,
人脸识别,1,
人身权,1,
亿上影,1,
亿次,1,
亿级,1,
亿美元,1,
仅以,1,
仅能,1,
仅靠,1,
今年年初,1,
今日,1,
今晚,1,
从业人员,1,
从中,1,
从前,1,
从古至今,1,
从未,1,
从稚,1,
从算力,1,
付费,1,
仙子,1,
代数,1,
代码,1,
代表性,1,
令人,1,
令人神往,1,
令博勇,1,
以人,1,
以其,1,
以劳,1,
以原,1,
以后,1,
以大,1,
以天,1,
以小克大,1,
以弱胜强,1,
以文博,1,
以案,1,
以牙,1,
以算力,1,
价值观,1,
价值链,1,
任性,1,
任意,1,
任课教师,1,
仿佛,1,
仿制品,1,
企业化,1,
伊以,1,
伊利诺伊大学,1,
伊始,1,
伊斯,1,
伊梦中,1,
伏羲,1,
休息室,1,
优悠,1,
优秀人才,1,
优秀企业,1,
优美,1,
优越,1,
会员,1,
会场,1,
会展,1,
会战,1,
传奇,1,
伤害,1,
伤心,1,
伦理道德,1,
伪装成,1,
伪造检测,1,
伴侣,1,
伴唱,1,
伴奏,1,
似乎,1,
但算力,1,
位于,1,
位列,1,
低俗,1,
低空,1,
低级趣味,1,
低质量,1,
低频,1,
何不,1,
何为,1,
何在,1,
何夕,1,
余个,1,
余年,1,
余胜泉,1,
作业,1,
作业区,1,
作品版权,1,
作家,1,
作战,1,
作揖,1,
作画,1,
佩里,1,
佳作,1,
例子,1,
侗寨,1,
供应链,1,
供电,1,
依次,1,
依赖,1,
依靠,1,
侥幸心理,1,
侦破,1,
侧面,1,
侵权人,1,
侵蚀,1,
便利,1,
便利性,1,
便捷性,1,
促使,1,
促进会,1,
保存,1,
保护性,1,
保护措施,1,
保护法,1,
保留,1,
保罗,1,
保量,1,
信创,1,
信号,1,
信念,1,
信息工程,1,
信维等家,1,
修缮,1,
值得一提的是,1,
倾向,1,
倾泻,1,
假借,1,
偏振片,1,
做做,1,
做实,1,
做梦,1,
做法,1,
做过,1,
停下,1,
停歇,1,
健儿,1,
健全,1,
健胃,1,
偶像,1,
偶然,1,
允治,1,
元件,1,
元客,1,
兄弟,1,
充分体现,1,
充分发挥,1,
充当,1,
充斥,1,
充沛,1,
充足,1,
先来,1,
先由,1,
光彩,1,
光影,1,
克罗地亚,1,
免受,1,
免责,1,
党委书记,1,
入侵,1,
入口,1,
入口处,1,
入场券,1,
入耳,1,
全国妇联,1,
全场,1,
全年,1,
全息,1,
全栈,1,
全校,1,
全民,1,
八点,1,
公交,1,
公共场合,1,
公共场所,1,
公共服务,1,
公告,1,
公安机关,1,
公序良,1,
公式,1,
公衡,1,
公里,1,
六大,1,
六等,1,
兰心,1,
共聚,1,
共融,1,
共计,1,
共谱,1,
共青团中央,1,
关乎,1,
关键性,1,
关键环节,1,
关键问题,1,
兴业,1,
兴趣爱好,1,
兵刃,1,
其于,1,
其他人,1,
其他软件,1,
其受,1,
其大,1,
其算力,1,
养肝助眠,1,
养颜,1,
兼容,1,
兼顾,1,
内向,1,
内外,1,
内心,1,
内生,1,
内置,1,
再现,1,
再用,1,
冒用,1,
最为,1,
最好,1,
最有,1,
最高奖,1,
冗长,1,
写下,1,
写作知识,1,
写出,1,
写得,1,
写歌,1,
写真,1,
农业,1,
冬日,1,
决定,1,
决斗,1,
准则,1,
凉疆,1,
凝眉,1,
几万元,1,
几十万,1,
几天,1,
几番,1,
几百万,1,
几百年,1,
几首,1,
凯蒂,1,
出事,1,
出人,1,
出动,1,
出去,1,
出口,1,
出场,1,
出租,1,
击鼓,1,
分三步,1,
分个,1,
分化,1,
分工,1,
分工协作,1,
分布,1,
分担,1,
分离,1,
分辨,1,
切入,1,
切实,1,
切换,1,
划定,1,
列为,1,
列举,1,
列侬,1,
列入,1,
刘欣,1,
刘毅,1,
创制,1,
创想,1,
创意设计,1,
创收,1,
创新性,1,
创新者,1,
创新能力,1,
创潮,1,
创纪录,1,
创绘,1,
创节,1,
初中,1,
初体验,1,
初创,1,
初始,1,
初心,1,
初显,1,
初期,1,
初案,1,
判令,1,
判定,1,
别开生面,1,
别无二致,1,
别样,1,
到位,1,
到家,1,
制作方,1,
制作者,1,
制度,1,
制度性,1,
制约,1,
制造商,1,
刷新,1,
削弱,1,
前列,1,
前奏,1,
前店,1,
前罗小慈,1,
前身,1,
前述,1,
剧中,1,
剧变,1,
剪映,1,
副总经理,1,
副校长,1,
副歌,1,
剽窃,1,
力作,1,
办公室,1,
功能区,1,
加以控制,1,
加以解决,1,
加大力度,1,
加布里埃尔,1,
加拿大,1,
加持,1,
加码,1,
加速度,1,
动图,1,
动漫,1,
动画师,1,
动画电影,1,
动辄,1,
助人,1,
助推,1,
助理,1,
助者,1,
劳务,1,
势头,1,
勘验,1,
勾线,1,
化名,1,
化学反应,1,
化学品,1,
化工,1,
北上,1,
北京大学,1,
北京大学法学院,1,
北京电影学院,1,
北泡,1,
匹配,1,
区分,1,
区则,1,
区别,1,
医云,1,
医学,1,
医用,1,
医院,1,
匿名,1,
十万,1,
十二,1,
十二生肖,1,
十余种,1,
十分之一,1,
十分满意,1,
十多,1,
十大,1,
千亿,1,
千千,1,
千卡,1,
千年,1,
千里,1,
华东政法,1,
华信,1,
华音,1,
协助,1,
卓越,1,
单一,1,
单人,1,
单日,1,
单独,1,
单纯,1,
卖算力,1,
南京大学,1,
南京艺术学院,1,
南化,1,
南山区,1,
南极,1,
博主博勇,1,
博人,1,
博勇,1,
博士,1,
博导,1,
博文,1,
博览会,1,
卡斯特罗,1,
卫衣,1,
印染,1,
印记,1,
印证,1,
印象,1,
即全,1,
即斤,1,
即时,1,
厂商,1,
厂式,1,
历史数据,1,
历时,1,
历桑德,1,
压倒,1,
厘清,1,
原先,1,
原型,1,
原始,1,
原子,1,
原材料,1,
原点,1,
原班人马,1,
原生,1,
原罪,1,
去年底,1,
去掉,1,
县域,1,
参与度,1,
参与性,1,
参会,1,
参展商,1,
参研,1,
参考,1,
参赛,1,
及时处理,1,
双声道,1,
双子,1,
双生,1,
双簧管,1,
双蒙村,1,
双重,1,
反响,1,
反对,1,
反应速度,1,
反思,1,
反感,1,
反映,1,
发令,1,
发如雪,1,
发展史,1,
发扬,1,
发散,1,
发明,1,
发现自己,1,
发祥地,1,
发自肺腑,1,
发表,1,
取下,1,
取材于,1,
取胜,1,
取证,1,
受损,1,
受理,1,
受限于,1,
受骗,1,
变化规律,1,
变幻莫测,1,
变形,1,
变得,1,
变现,1,
变迁,1,
变量,1,
口号,1,
口语,1,
古人,1,
古今中外,1,
古典主义,1,
古风,1,
句式,1,
另一头,1,
另有,1,
只会,1,
叫住,1,
叫好声,1,
可为,1,
可供,1,
可信度,1,
可可托海,1,
可听性,1,
可塑性,1,
可得,1,
可控,1,
可用,1,
可疑,1,
可谓,1,
可达,1,
可靠,1,
台阶,1,
号召,1,
叹服,1,
各不相同,1,
各个环节,1,
各国,1,
各异,1,
各式,1,
各有千秋,1,
各条,1,
各级,1,
合作者,1,
合作项目,1,
合力,1,
合并,1,
合成视频,1,
合排,1,
合法性,1,
合议,1,
合议庭,1,
吉尔吉斯斯坦,1,
吉隆坡,1,
同人,1,
同名,1,
同意书,1,
同款,1,
同步,1,
同济大学,1,
同理,1,
同等,1,
同类,1,
同质化,1,
名义,1,
名人,1,
名叫,1,
名家,1,
名导,1,
名师,1,
名歌手,1,
名著,1,
后会,1,
后台,1,
后备力量,1,
后爱迦,1,
后算力,1,
向往,1,
吓唬,1,
吟枉,1,
否认,1,
含短,1,
听之任之,1,
听力,1,
听取,1,
听见,1,
听说,1,
启用,1,
启睿克,1,
吴文俊,1,
吹奏,1,
呆萌,1,
周文,1,
周来,1,
周杰伦,1,
周边,1,
呵护,1,
呼吸,1,
呼声,1,
和声,1,
和晓多,1,
和物,1,
咖啡师,1,
咖啡豆,1,
咨询服务,1,
咪咕,1,
品位,1,
品牌形象,1,
哪些方面,1,
哪吒,1,
哪吒闹海,1,
唐伯虎,1,
唐孤烟直,1,
唱出来,1,
唱文博,1,
唱曲,1,
唱歌,1,
唱编,1,
商业价值,1,
商品,1,
商品化,1,
商报,1,
商标,1,
商标权,1,
商量,1,
喂给,1,
善于,1,
善用,1,
喜好,1,
喜悦,1,
喜闻乐见,1,
喝彩,1,
喝茶,1,
嗅觉,1,
嘴替,1,
嘴部,1,
嘻哈,1,
噪声,1,
噱头,1,
四合,1,
四场,1,
四届,1,
四川大学,1,
四年,1,
四年级,1,
四方面,1,
四时,1,
四班,1,
四重奏,1,
回到,1,
回头,1,
回归,1,
回怼,1,
回避,1,
因曲库,1,
因非,1,
团体,1,
团村,1,
困境,1,
围拢,1,
围棋,1,
围满,1,
固态,1,
固有,1,
国产电影,1,
国创,1,
国务院,1,
国睿,1,
国际数据公司,1,
图像处理,1,
图像识别,1,
图景,1,
图灵,1,
图片素材,1,
图画,1,
图表,1,
图谱,1,
圆形,1,
圆明,1,
圆明园,1,
圈层,1,
土地,1,
在手,1,
地带,1,
地理,1,
地道,1,
地雨,1,
场为,1,
场馆,1,
坐阵,1,
坚定,1,
坚实基础,1,
垦荒,1,
城市形象,1,
城等,1,
埃尔维斯,1,
培养皿,1,
基因,1,
基地,1,
基建,1,
基本保障,1,
基本知识,1,
基础性,1,
基调,1,
塑形,1,
填色,1,
填词,1,
墙面,1,
增信,1,
增大,1,
增幅,1,
增智用,1,
壁垒,1,
声期,1,
处理软件,1,
备案,1,
复活,1,
夏亚,1,
夏天,1,
外国人,1,
外国游客,1,
外溢,1,
外界,1,
外籍,1,
多久,1,
多以,1,
多件,1,
多功能,1,
多场,1,
多大,1,
多姿多彩,1,
多幅,1,
多数,1,
多方,1,
多方面,1,
多活,1,
多用,1,
多种形式,1,
多种类型,1,
多起,1,
多长时间,1,
多雨,1,
多项,1,
多首,1,
多高,1,
够用,1,
大中小型,1,
大于,1,
大众文化,1,
大体,1,
大力发展,1,
大半,1,
大厅,1,
大受,1,
大变样,1,
大唐,1,
大地,1,
大多数,1,
大大小小,1,
大奖,1,
大字,1,
大学生,1,
大宅,1,
大家庭,1,
大屏,1,
大屏幕,1,
大戏院,1,
大批,1,
大明,1,
大有可为,1,
大楼,1,
大概,1,
大热,1,
大类,1,
大纵,1,
大罢工,1,
大话西游,1,
大闹天宫,1,
大陆,1,
大餐,1,
大鼓,1,
天下,1,
天地人,1,
天对,1,
天工,1,
天府,1,
天择,1,
天气预报,1,
天然,1,
天真,1,
天空,1,
天衣无缝,1,
天音,1,
天马行空,1,
太仓,1,
太古,1,
太贵,1,
央视,1,
央视春晚,1,
央视网,1,
失控,1,
头上,1,
头显,1,
夺走,1,
奇趣,1,
奔跑,1,
奖项,1,
套马,1,
奥斯特罗,1,
女人,1,
女声版,1,
好事,1,
好听,1,
好大,1,
好奇心,1,
好好,1,
好算力,1,
好莱坞,1,
好评,1,
如云,1,
如对,1,
如恒,1,
如意,1,
如烟,1,
如索贝,1,
妥善,1,
妮琪,1,
始终,1,
姑娘,1,
姓名,1,
娓娓道来,1,
媒介,1,
媚俗,1,
嫁接,1,
嫂子,1,
嫌疑人,1,
字号,1,
字幕,1,
字母,1,
字符串,1,
字节,1,
字里行间,1,
存储,1,
存取,1,
存算云,1,
孙云柯,1,
孙悟空,1,
季则,1,
学习者,1,
学人,1,
学会,1,
学到,1,
学子,1,
学府,1,
学派,1,
学生家长,1,
学界,1,
学科,1,
安全带,1,
安全性,1,
安全意识,1,
安全感,1,
安全监管,1,
安心,1,
安排,1,
安然,1,
安装,1,
宋庆龄,1,
完全相同,1,
完成度,1,
完漫,1,
宏图,1,
官宣,1,
官帽,1,
官网,1,
定下,1,
定位,1,
定名,1,
实则,1,
实实在在,1,
实施方案,1,
实物,1,
实绩,1,
实训,1,
实质性,1,
实践经验,1,
实际上,1,
实际效果,1,
实验学校,1,
审判,1,
审判长,1,
审慎,1,
审视,1,
审结,1,
审美感受,1,
审美疲劳,1,
客厅,1,
客服,1,
宣了,1,
宣传,1,
宣传片,1,
宣传部,1,
宣发,1,
宣讲,1,
室外,1,
家人,1,
家用,1,
家长,1,
宽广,1,
密切相关,1,
密度,1,
富贵,1,
寒中,1,
寓教于乐,1,
察觉,1,
寨子,1,
对原,1,
对恒图,1,
对手,1,
对抗,1,
对海树,1,
对话框,1,
寻根,1,
封信,1,
封面,1,
将进酒,1,
小伙伴,1,
小兵,1,
小妖怪,1,
小学部,1,
小小,1,
小房间,1,
小提琴,1,
小样,1,
小游戏,1,
小算力,1,
少年,1,
尖锐,1,
尝到,1,
尤为重要,1,
就近,1,
尼年,1,
尽到,1,
尽展,1,
尽快,1,
尽显,1,
尽有,1,
尾音,1,
局局长,1,
层层,1,
居高不下,1,
屋顶,1,
屏显,1,
屏蔽,1,
展位,1,
展内,1,
展厅,1,
展商,1,
展示区,1,
展里,1,
展项,1,
屡见不鲜,1,
山峦,1,
山水画,1,
山花,1,
山西大学,1,
山西太原,1,
山西省,1,
山路,1,
岂不是,1,
峰回路转,1,
崇尚,1,
崇左市,1,
崭新,1,
崭新面貌,1,
崭露头角,1,
嵌入式,1,
川大,1,
工业化,1,
工业园区,1,
工业生产,1,
工作部,1,
工作队,1,
工信厅,1,
工委,1,
工序,1,
工程学院,1,
工程机械,1,
工程系,1,
工艺,1,
巨大成功,1,
巨星,1,
巩固,1,
差距,1,
已向,1,
已尽,1,
已成,1,
已故,1,
已然,1,
已能,1,
巴基斯坦,1,
巴西,1,
市场准入,1,
市场竞争,1,
市场趋势,1,
市场需求,1,
市经信,1,
市集,1,
市面上,1,
布置,1,
师其,1,
师因,1,
师对,1,
师经,1,
师资,1,
帕特里,1,
带给,1,
席卷,1,
帷幕,1,
常务,1,
常规,1,
常识,1,
帽子,1,
干粮,1,
干预,1,
平和,1,
平均,1,
平均水平,1,
平方公里,1,
平等,1,
年代,1,
年前,1,
年来,1,
年级,1,
幸运,1,
乡村音乐,1,
幻想,1,
幻想曲,1,
幻景,1,
幼年时期,1,
广东,1,
广发,1,
广受,1,
广场,1,
广州,1,
广州市,1,
广泛传播,1,
广深,1,
庆祝,1,
序列,1,
应急,1,
应用层,1,
应用环境,1,
应用程序,1,
应立即,1,
底色,1,
庞大,1,
度用,1,
座无虚席,1,
庭审,1,
庸俗,1,
延链,1,
建了,1,
建交,1,
建校,1,
建立联系,1,
建筑,1,
建筑面积,1,
建设者,1,
建造,1,
建邺,1,
开发人员,1,
开发区,1,
开展调研,1,
开幕式,1,
开庭审理,1,
开拓,1,
开箱,1,
开设,1,
开车,1,
弄堂,1,
引擎,1,
引育,1,
弟子,1,
张冀,1,
张力,1,
张晓东,1,
张末,1,
张牌,1,
张睿,1,
弯弯,1,
弹出,1,
弹幕,1,
弹弹琴,1,
弹钢琴,1,
强力,1,
强势,1,
强度,1,
归属于,1,
当今,1,
当作,1,
当务之急,1,
当地人,1,
当好,1,
当属,1,
当日,1,
形势,1,
彩虹,1,
影为,1,
影之光,1,
影像,1,
影元品,1,
影全,1,
影子,1,
影官,1,
影视作品,1,
影视音乐,1,
影继,1,
彻底,1,
往前走,1,
往来,1,
征得,1,
徐慧瑶,1,
得当,1,
得益于,1,
微信,1,
微小,1,
微调,1,
德语,1,
心中,1,
心情,1,
心愿,1,
心灵,1,
心理,1,
心目,1,
心脏,1,
必然选择,1,
必答题,1,
志愿者,1,
忘不了,1,
忠实,1,
忧伤,1,
忽视,1,
怎样才能,1,
思维能力,1,
思辨,1,
性价比,1,
性大,1,
性质,1,
总会,1,
总体,1,
总体而言,1,
总算,1,
总结,1,
总计,1,
恐惧,1,
恶搞,1,
悄悄话,1,
悉尼,1,
悠久,1,
悠扬,1,
情境,1,
情形,1,
情怀,1,
情绪反应,1,
情节,1,
惊叹不已,1,
惊喜,1,
惊悚,1,
惊艳,1,
惯性导航,1,
想到,1,
愈加,1,
意见建议,1,
意象,1,
意韵,1,
感人,1,
感叹,1,
感官,1,
感性,1,
感情,1,
感染力,1,
感知,1,
愿望,1,
慢慢,1,
憧憬,1,
懊恼,1,
戏剧,1,
戏曲,1,
成像,1,
成千上万,1,
成文,1,
成本高,1,
成渝,1,
成熟度,1,
成编,1,
我心,1,
我爱你,1,
我用,1,
或会,1,
或者说,1,
战略性,1,
战略目标,1,
战胜,1,
截止,1,
户外,1,
所言,1,
扁平化,1,
扁担,1,
手中,1,
手动,1,
手机游戏,1,
手机软件,1,
手里,1,
才艺,1,
扎堆,1,
打个,1,
打分,1,
打卡,1,
打完,1,
打法,1,
打点滴,1,
打算,1,
打败,1,
打赏,1,
扣叮为,1,
扣篮,1,
执行官,1,
扩大化,1,
扬帆,1,
扶桥,1,
批复,1,
批量,1,
找准,1,
承建,1,
技术交流,1,
技术产业,1,
技术奖,1,
技术规范,1,
技术难度,1,
技术革新,1,
把脉,1,
抒发,1,
抓好,1,
抓获,1,
投壶,1,
投影仪,1,
投新算力,1,
投用,1,
投票,1,
投算力,1,
投融资,1,
投诉,1,
抖音,1,
折射,1,
抚琴,1,
抢占市场,1,
抢抓,1,
报酬,1,
披露,1,
披风,1,
抱怨,1,
抹除,1,
担当,1,
拉回,1,
拉坯,1,
拉开,1,
拉开帷幕,1,
拉萨,1,
拍摄,1,
拔尖,1,
拜金主义,1,
拟人化,1,
拟合,1,
拟声,1,
拟真,1,
拦在,1,
拼接,1,
拿下,1,
拿出,1,
拿到,1,
持有人,1,
持证,1,
挂牌,1,
指南,1,
指尖,1,
指挥,1,
指控,1,
指望,1,
指示,1,
指示灯,1,
指纹,1,
指责,1,
按动,1,
按钮,1,
挑战性,1,
挑水,1,
挑选,1,
挖掘,1,
挪用,1,
振兴,1,
振动,1,
振奋,1,
挺水,1,
捍卫者,1,
捏住,1,
捕捉到,1,
换声,1,
据称,1,
捷报频传,1,
授牌,1,
掌声,1,
掌趣,1,
排序,1,
排练,1,
排队,1,
探测,1,
探究,1,
探讨,1,
接受度,1,
接口,1,
接得,1,
接触,1,
接驳,1,
控制柜,1,
推介,1,
推向,1,
推手,1,
推送,1,
措施,1,
描述,1,
提上,1,
提交,1,
提供数据,1,
提前,1,
提名,1,
提炼,1,
提质,1,
提醒,1,
插件,1,
插曲,1,
揭幕,1,
揭开,1,
揭开序幕,1,
揭示,1,
摒弃,1,
搜索,1,
搜索引擎,1,
搞错,1,
搬入,1,
搬运,1,
搭载,1,
摸索,1,
摸鱼,1,
撒云肩,1,
撒欢儿,1,
撤下,1,
撬动,1,
操作,1,
操刀,1,
操控,1,
操纵,1,
擦边球,1,
支教,1,
支柱,1,
收到,1,
改数,1,
改编自,1,
改进,1,
改造,1,
放任,1,
放在首位,1,
放大器,1,
放心,1,
放疗,1,
放眼,1,
放眼世界,1,
政务,1,
政府部门,1,
故宫博物院,1,
效应,1,
效益,1,
教学质量,1,
教学资料,1,
教师,1,
教案,1,
教研,1,
教育领域,1,
散打,1,
敬畏,1,
数不胜数,1,
数以百万计,1,
数十名,1,
数十家,1,
数字影像,1,
数学计算,1,
数据中心,1,
数据传输,1,
数据共享,1,
数据处理,1,
数据安全,1,
数据模型,1,
数智化,1,
数百万,1,
数百名,1,
数码,1,
数聚智造,1,
敲击,1,
敲诈,1,
整合性,1,
整齐划一,1,
文化底蕴,1,
文化遗产,1,
文博,1,
文和,1,
文娱,1,
文字描述,1,
文学作品,1,
文文,1,
文斯基,1,
文旅为,1,
文旅元,1,
文明,1,
文熙,1,
文艺工作者,1,
文艺性,1,
文艺活动,1,
文艺节目,1,
文章,1,
斜坡,1,
斯威夫特,1,
斯汀,1,
斯特拉,1,
新不异,1,
新兴产业,1,
新华社,1,
新华路,1,
新川,1,
新思路,1,
新文艺,1,
新春,1,
新曲,1,
新机遇,1,
新潮,1,
新生,1,
新视听,1,
新视角,1,
新视野,1,
新编,1,
新闻宣传,1,
新面貌,1,
新风貌,1,
新高,1,
新鲜事,1,
方便快捷,1,
方圆,1,
方锦龙,1,
施展,1,
施策,1,
旁白,1,
旅法,1,
旗舰店,1,
无不,1,
无人,1,
无序,1,
无所不能,1,
无数次,1,
无比,1,
无法比拟,1,
无界,1,
无需,1,
既白,1,
既要,1,
日为,1,
日常,1,
日新月异,1,
日本,1,
日益增长,1,
日程,1,
日起,1,
早些时候,1,
早就,1,
早已,1,
时不时,1,
时代周刊,1,
时代特色,1,
时代精神,1,
时代背景,1,
时刻,1,
时喊,1,
时应,1,
时有,1,
时期,1,
时节,1,
时装秀,1,
时该,1,
时说,1,
时辰,1,
时长,1,
昂贵,1,
昆明市,1,
明天,1,
明明,1,
明晰,1,
明白,1,
明眸,1,
明知故犯,1,
明确要求,1,
明确规定,1,
星云,1,
星球,1,
星空,1,
星菲,1,
星菲说,1,
星辰,1,
星际,1,
映射,1,
春意盎然,1,
昨日,1,
昭示,1,
是非,1,
显然,1,
显示屏,1,
晓萱,1,
晚上,1,
晨昏,1,
普罗科菲耶夫,1,
景以,1,
晴带,1,
智象,1,
智造,1,
暂无,1,
暂时,1,
暑期,1,
暨主,1,
暴露,1,
曲叹,1,
曲调,1,
曲谱,1,
更为,1,
更令,1,
更以,1,
更名,1,
更多,1,
更多人,1,
更广,1,
更强,1,
更快,1,
更早,1,
更能,1,
曹政,1,
曹雪芹,1,
曾带,1,
替换,1,
月晓,1,
有个,1,
有创造力,1,
有利于,1,
有句,1,
有名,1,
有声,1,
有声书,1,
有害,1,
有序,1,
有座,1,
有待于,1,
有悖,1,
有意无意,1,
有感,1,
有所,1,
有所区别,1,
有所突破,1,
有效性,1,
有朋自远方来,1,
有望,1,
有权,1,
有限,1,
服务业,1,
服务项目,1,
朗朗上口,1,
朗读,1,
期望,1,
木棒,1,
未公开,1,
未必,1,
未有,1,
未雨绸缪,1,
本土,1,
本届,1,
本报,1,
本报记者,1,
本文,1,
本期,1,
本来,1,
本科,1,
朱丽叶,1,
朱伟,1,
朴实,1,
机房,1,
机甲,1,
权利要求,1,
权等,1,
李悦宜,1,
李明,1,
李白,1,
李笛以,1,
材料科学,1,
材质,1,
村寨,1,
村歌,1,
村落,1,
杜娟,1,
条件,1,
条例,1,
来到,1,
来客,1,
来往,1,
来琴,1,
来讲,1,
杨雪,1,
极大丰富,1,
极少量,1,
极广,1,
极易,1,
杭州市,1,
松散,1,
松江,1,
松鹤,1,
构筑,1,
林佳,1,
林俊杰,1,
林洛,1,
果苑,1,
柏辉,1,
某种,1,
柯洁,1,
柳州,1,
标志,1,
标杆,1,
标注,1,
标记,1,
标语,1,
标题,1,
校外,1,
校长,1,
样本,1,
核心区,1,
根基,1,
格调,1,
桥段,1,
梁爽,1,
梦境,1,
梦工厂,1,
梦幻,1,
梦幻般,1,
梦里,1,
梦龙,1,
梧桐,1,
梵高,1,
检索,1,
检验,1,
植根于,1,
概念,1,
概念设计,1,
模块,1,
模式分析,1,
模样,1,
模糊,1,
欢乐,1,
欢呼,1,
欢快,1,
欢迎,1,
欧美,1,
欺诈,1,
款式,1,
歌会,1,
歌唱家,1,
歌星,1,
歌舞,1,
歌舞剧,1,
歌迷,1,
止步,1,
正以,1,
正出,1,
正当,1,
正当权益,1,
正确认识,1,
正面,1,
正驭,1,
此案,1,
此行,1,
武婧,1,
武术,1,
歪曲事实,1,
残疾人运动会,1,
残运会,1,
段时间,1,
每一,1,
每万人,1,
每位,1,
每台,1,
每日,1,
每月,1,
每秒,1,
比伯,1,
比利时,1,
比喻,1,
比日,1,
比甲曳,1,
比莉,1,
比较复杂,1,
毗陵,1,
毫不,1,
毫无原则,1,
毫无顾忌,1,
毫秒,1,
民办,1,
民族特色,1,
民法,1,
民风,1,
气口,1,
气味,1,
气定神闲,1,
气态,1,
气息,1,
气节,1,
气象,1,
氛围,1,
氢能,1,
氮磷,1,
水中,1,
水利,1,
水印,1,
水电,1,
水资源,1,
水轮,1,
水墨画,1,
汇集,1,
江村,1,
江湖,1,
江苏,1,
江西,1,
江面,1,
汲取,1,
汽油,1,
沈阳,1,
沉闷,1,
沙龙,1,
沟通交流,1,
没能,1,
沦为,1,
法国巴黎,1,
法庭,1,
法律纠纷,1,
法语,1,
注明,1,
泰勒,1,
泼天,1,
泼墨山水,1,
洋溢着,1,
洗碗机,1,
洛普,1,
洞察,1,
活动中心,1,
活字印刷,1,
洽谈,1,
流动,1,
流淌,1,
流畅地,1,
流程,1,
流转,1,
测算,1,
浑身,1,
浓度,1,
浓郁,1,
浙江,1,
浪浪山,1,
浮现,1,
海内外,1,
海军,1,
海南,1,
海域,1,
海小,1,
海纳百川,1,
涅槃,1,
消息,1,
消极,1,
消除,1,
涉足,1,
涌现,1,
涌现出,1,
淡薄,1,
深入生活,1,
深入研究,1,
深厚,1,
深圳市,1,
深智,1,
深有感触,1,
深渊,1,
深知,1,
深篮,1,
深而,1,
深造,1,
混剪,1,
混声,1,
混杂,1,
混等个,1,
添加,1,
清亮,1,
清单,1,
清明,1,
清晰,1,
清楚,1,
清醒,1,
清除,1,
渗透到,1,
港交所,1,
港股,1,
游园活动,1,
游泳,1,
游泳池,1,
湖南,1,
湿度,1,
溢出,1,
溯源,1,
滑坡,1,
滑轮组,1,
满满地,1,
满目,1,
满足要求,1,
滴滴,1,
演变成,1,
演示,1,
演讲,1,
演进,1,
漠河,1,
漫游,1,
潜在用户,1,
潜质,1,
潮代志,1,
潮玩,1,
潮起,1,
潮酷,1,
澳大利亚人,1,
激情,1,
瀑布,1,
灌溉,1,
火小,1,
火星,1,
火柴,1,
火眼,1,
火花,1,
火车,1,
灯泡,1,
灰色,1,
灵动,1,
灵境,1,
灵魂,1,
灾难性,1,
炉里,1,
点亮,1,
点击,1,
点子,1,
点滴,1,
点点,1,
烦恼,1,
热情好客,1,
热歌,1,
热点,1,
热电,1,
热门,1,
热门话题,1,
热门音乐,1,
煤炭,1,
照相馆,1,
蒸汽机,1,
熟知,1,
燃爆,1,
燃起,1,
燕楠,1,
爆已,1,
爆炸式,1,
爱乐,1,
爱好,1,
片中,1,
版本升级,1,
版权法,1,
牟利,1,
牧羊人,1,
物品,1,
物料,1,
物理化学,1,
物理组,1,
物质,1,
牵引,1,
牵涉,1,
特快,1,
特性,1,
特效,1,
特斯拉,1,
特殊性,1,
特殊教育,1,
特种,1,
特色产业,1,
特色化,1,
牺牲,1,
犀在,1,
犀已,1,
犯法,1,
犯罪,1,
狗狗,1,
狩猎,1,
独一无二,1,
独具,1,
独唱,1,
独奏,1,
献上,1,
献唱,1,
王一诺,1,
王延,1,
王心凌,1,
王怀民,1,
王路,1,
玩具,1,
玩坏,1,
玩游戏,1,
现代科技,1,
现代舞团,1,
现正,1,
现磨,1,
现行,1,
玻璃,1,
珍宝,1,
球员,1,
理当,1,
理论,1,
琳琅满目,1,
琴乐,1,
琴键,1,
甘露,1,
甚欢,1,
甜度,1,
生产关系,1,
生命体,1,
生命周期,1,
生图,1,
生态建设,1,
生态环境,1,
生死,1,
生物医药,1,
用该,1,
用途,1,
用首,1,
由上,1,
由华鲲振宇,1,
由歌,1,
由麦,1,
甲方,1,
申报,1,
申文,1,
申请,1,
电子科,1,
电影工业,1,
电机,1,
电气,1,
电池,1,
电视剧,1,
电能,1,
电路,1,
男人,1,
男女,1,
男女声,1,
画以,1,
画出,1,
画图,1,
画家,1,
畅想,1,
界限,1,
留出,1,
畸形,1,
疑问,1,
疯传,1,
痛苦,1,
痴迷,1,
登上,1,
登台,1,
登陆,1,
白沙黎族自治县,1,
白热化,1,
白皮书,1,
百人,1,
百亿,1,
百余,1,
百余个,1,
百余年,1,
百年,1,
百花齐放,1,
百项,1,
皇家,1,
盈利,1,
益气,1,
监制,1,
监测中心,1,
监督管理,1,
监管司,1,
监管部门,1,
盖子,1,
盘子,1,
盛事,1,
盛会,1,
盛大,1,
目检,1,
盲人摸象,1,
盲盒,1,
直白,1,
直线传播,1,
直至,1,
直觉性,1,
相互促进,1,
相册,1,
相同,1,
相媲美,1,
相容,1,
相当,1,
相当于,1,
相得益彰,1,
相成,1,
相提并论,1,
相聊,1,
相见,1,
相辅相成,1,
相连,1,
相连接,1,
相通,1,
相邀,1,
省力,1,
看上去,1,
看不见,1,
看家本领,1,
看得见,1,
看着,1,
看见,1,
看过,1,
真切,1,
真实度,1,
真术,1,
真狗,1,
真能,1,
真诚,1,
眼前,1,
眼睛,1,
眼花缭乱,1,
眼见,1,
眼里,1,
睿乐达,1,
矩阵,1,
短剧,1,
短片,1,
短短,1,
短语,1,
矿山,1,
码极客,1,
研习,1,
研大,1,
研讨会,1,
破万,1,
破解,1,
破阵,1,
硅谷,1,
硕士,1,
硬核,1,
确凿证据,1,
确实,1,
确诊,1,
碎片,1,
碰见,1,
碰过,1,
磁带,1,
碾压,1,
磨煤机,1,
示好,1,
社学,1,
社长,1,
视作,1,
视听教育,1,
视点,1,
视界,1,
视算力,1,
视频剪辑,1,
视频网,1,
神器,1,
神圣,1,
神奇,1,
神情,1,
神秘,1,
神经网络,1,
神话,1,
票房,1,
福布斯,1,
科学决策,1,
科学合理,1,
科学素养,1,
科学院,1,
科技园,1,
科技型,1,
科技股份,1,
科技馆,1,
科研人员,1,
科研成果,1,
秘密,1,
秘密武器,1,
租用,1,
积极探索,1,
积极行动,1,
称其仅,1,
称赞,1,
稀奇古怪,1,
稀缺,1,
稀释,1,
程序员,1,
程序性,1,
稍广,1,
稳定,1,
稳步,1,
空山鸟,1,
空无一物,1,
空气,1,
穿行,1,
突破口,1,
窗口,1,
立体声,1,
立方,1,
立昂,1,
竖领,1,
竞争,1,
竞演,1,
童声,1,
童年,1,
童行,1,
童音,1,
竹子,1,
竹简,1,
笔者,1,
笔触,1,
笛子,1,
符号,1,
第一人称,1,
第一代,1,
第一天,1,
第一步,1,
第一股,1,
第一部,1,
第三代,1,
第二届,1,
第五届,1,
第十一届,1,
第十六届,1,
第四批,1,
等源,1,
策划部,1,
策源地,1,
策略,1,
筛查,1,
筛选,1,
筹划,1,
签约,1,
简洁明了,1,
简直,1,
简短,1,
简阳,1,
简阳市,1,
算力者,1,
算盘,1,
管理体系,1,
管道,1,
管风琴,1,
篡改,1,
篮球,1,
米其林,1,
米哈,1,
米娜,1,
类比,1,
粗一看,1,
粗浅,1,
粘性,1,
粤桂,1,
精力,1,
精心制作,1,
精确,1,
精神损失,1,
精神文明,1,
精美,1,
精致,1,
精良,1,
精选,1,
糅合,1,
系主任,1,
系列讲座,1,
系紧,1,
紧抓,1,
紧紧,1,
紫金山,1,
繁华,1,
纠缠,1,
红利,1,
红外线,1,
红星,1,
红楼,1,
红豆,1,
约定,1,
约束,1,
约翰,1,
纪元,1,
纪录片,1,
纯境,1,
纯属虚构,1,
纯熟,1,
纳山,1,
纵观,1,
纸杯,1,
纹样,1,
纽约时报,1,
练习,1,
细微,1,
细致,1,
织好,1,
终于,1,
终极,1,
终端,1,
经上影,1,
经开区,1,
经济局,1,
经纬,1,
经脉,1,
经营,1,
经过训练,1,
经销商,1,
绑定,1,
绑架,1,
结构性,1,
绘成,1,
绚丽,1,
绝佳,1,
绝对,1,
统筹,1,
绣花,1,
维持,1,
综合治理,1,
绿动,1,
绿色,1,
编写,1,
编排,1,
编曲人,1,
编舞,1,
缩招,1,
缺失,1,
缺少,1,
网上,1,
网民,1,
网红,1,
网络化,1,
网络媒体,1,
网络空间,1,
网罗,1,
网联,1,
罗小慈,1,
罗湖,1,
罗湖区,1,
罗超,1,
美化,1,
美国国会,1,
美国微软公司,1,
美国政府,1,
美国斯坦福大学,1,
美好世界,1,
美妙,1,
美学,1,
美影,1,
美得,1,
美术作品,1,
美术学院,1,
美术设计,1,
美术馆,1,
美食节,1,
群众,1,
翩然,1,
翻一番,1,
翻滚,1,
翻译成,1,
老三,1,
老家,1,
老乡,1,
老歌,1,
老百姓,1,
老话,1,
考究,1,
考考,1,
考验,1,
而出,1,
耗不起,1,
耗费,1,
耳机,1,
耳熟能详,1,
耳畔,1,
职场,1,
职工,1,
联合会,1,
联合推出,1,
联名信,1,
联唱,1,
联想,1,
联接,1,
联结,1,
联赛,1,
聚居,1,
聪颖,1,
肝癌,1,
股权,1,
胜过,1,
脉络,1,
能共情,1,
能源,1,
脖带,1,
脚本,1,
脸型,1,
腾空而起,1,
膜技术,1,
自信,1,
自制,1,
自动化,1,
自动识别,1,
自卑,1,
自发,1,
自启动,1,
自如,1,
自建,1,
自律,1,
自我意识,1,
自月,1,
自有,1,
自此,1,
自然而然,1,
自然语言,1,
自然资源,1,
自由度,1,
自编,1,
自行添加,1,
自觉遵守,1,
自贡,1,
自述,1,
自选,1,
至上,1,
至多,1,
致力,1,
舍弃,1,
舍得,1,
舞厅,1,
舞姿,1,
舞画,1,
舞美设计,1,
舞蹈团,1,
航天,1,
航模,1,
船模,1,
艰苦,1,
色彩,1,
色彩斑斓,1,
艺术交流,1,
艺术品,1,
艺术节,1,
艺术表演,1,
艾利什,1,
艾斯,1,
艾草,1,
节奏,1,
节省,1,
节省时间,1,
节约,1,
花园,1,
苍穹,1,
苏醒,1,
若能,1,
英才,1,
英特尔,1,
英语,1,
英雄,1,
苹果,1,
范围广,1,
茅盾文学奖,1,
荒野,1,
荟萃,1,
荣誉,1,
药膳,1,
莫让,1,
莱德,1,
获奖作品,1,
获得者,1,
获赔,1,
营收,1,
营救,1,
著作,1,
落后,1,
落实,1,
落脚点,1,
葡萄,1,
董兆瑞,1,
葫芦娃,1,
葬花,1,
蓄力,1,
蓝皮书,1,
蔡珊,1,
蕴含,1,
蕴含着,1,
虚拟世界,1,
虚构,1,
蛋仔,1,
蜀道,1,
蝴蝶,1,
融媒,1,
融通,1,
行业标准,1,
行为习惯,1,
行为规范,1,
行事,1,
行云流水,1,
行径,1,
行政,1,
行街,1,
行走,1,
行进,1,
衡量标准,1,
衣服,1,
补链,1,
补齐,1,
表征,1,
表演赛,1,
表现形式,1,
表现手法,1,
表达出来,1,
表达方式,1,
表达能力,1,
表述,1,
表面,1,
被判,1,
被判赔,1,
裁判,1,
裁定,1,
装载,1,
裸眼,1,
西区,1,
西南交大,1,
西洋,1,
要旨,1,
要量,1,
见效,1,
见面会,1,
观众们,1,
观后感,1,
观展,1,
观摩,1,
观点,1,
观看,1,
规上,1,
规制,1,
规律,1,
规范化,1,
规范性,1,
规避,1,
觉醒,1,
解决问题,1,
解散,1,
解读,1,
解释性,1,
触发,1,
触摸屏,1,
言之画,1,
言论,1,
言语,1,
警醒,1,
警长,1,
计算方法,1,
计量,1,
订阅费,1,
认同感,1,
认真对待,1,
认证,1,
让玩家,1,
议论,1,
记录,1,
记得,1,
讲师,1,
讲话,1,
许多次,1,
许嵩,1,
论文,1,
论道,1,
设在,1,
设施,1,
设立,1,
设计师,1,
访问,1,
评为,1,
评审,1,
评弹,1,
诉讼,1,
词曲,1,
词而,1,
词越,1,
试一试,1,
试图,1,
试想,1,
试金石,1,
诗书画,1,
诗剧,1,
诚迈,1,
询问,1,
该剧,1,
该区,1,
该机,1,
该校,1,
详细,1,
语气,1,
语种,1,
语等,1,
语言艺术,1,
语调,1,
说不出,1,
说不定,1,
说唱,1,
说明,1,
说智算,1,
说法,1,
读完,1,
读懂,1,
读物,1,
课上,1,
课件,1,
课堂,1,
课程体系,1,
调优,1,
调查,1,
调校,1,
谈香,1,
谋取,1,
谋求,1,
谢一明,1,
谷仓,1,
贝拉,1,
负面,1,
贡献度,1,
财产,1,
财产权,1,
责编,1,
质检,1,
质疑,1,
质齐,1,
购置,1,
资本化,1,
资讯,1,
赚取,1,
赞不绝口,1,
赤日,1,
走向世界,1,
走向市场,1,
走过,1,
赵伟峰持,1,
赵小飞,1,
赵悦,1,
赵瑞罡,1,
赵韵,1,
赶到,1,
起其,1,
起点,1,
起诉书,1,
起音,1,
起飞,1,
超人,1,
超大,1,
超市,1,
超强,1,
超级计算机,1,
超脑,1,
超车,1,
越大,1,
越来越低,1,
越来越少,1,
趋于,1,
趋向,1,
足以,1,
足够,1,
跃动,1,
跟着,1,
跟踪,1,
跟随,1,
跨次,1,
路上,1,
路线图,1,
跳动,1,
跳跃,1,
踏踏实实,1,
踩准,1,
身与心,1,
身临其境,1,
身体,1,
身处,1,
身影,1,
身心健康,1,
车辆,1,
轨迹,1,
轨道交通,1,
转动,1,
转向,1,
转让,1,
轮番,1,
软件产品,1,
轻易,1,
轻薄,1,
轻量化,1,
轻钢,1,
较为,1,
较大,1,
辅以,1,
输出,1,
辨别,1,
辨识,1,
辩论,1,
辩证,1,
达个,1,
达坂城,1,
达家,1,
迅猛发展,1,
过分,1,
过剩,1,
过太多,1,
过桥,1,
迈入,1,
迈出,1,
迎合,1,
迎接,1,
运作,1,
运动鞋,1,
运营官,1,
运营者,1,
近个,1,
还原,1,
这件,1,
这位,1,
这台,1,
这场,1,
这块,1,
这太美,1,
这座,1,
这方面,1,
这条,1,
这片,1,
这类,1,
这群,1,
这起,1,
这部,1,
这部分,1,
这门,1,
这首,1,
进程,1,
远方,1,
远超,1,
远达,1,
远远,1,
远远不够,1,
远道而来,1,
违反,1,
违和,1,
违法,1,
违规行为,1,
连接成,1,
连日来,1,
连演,1,
连贯起来,1,
迪普,1,
迫不及待,1,
迷幻,1,
迸发,1,
迸发出,1,
追捧,1,
送礼,1,
适合,1,
适当,1,
逆水,1,
选手,1,
选拔,1,
选择权,1,
选用,1,
选秀,1,
选项,1,
透视,1,
逐步完善,1,
逗乐,1,
通俗,1,
通往,1,
通用性,1,
通讯录,1,
通道,1,
逝去,1,
速度快,1,
造型,1,
逻辑,1,
逼真度,1,
遍及,1,
遑论,1,
道具,1,
道袍,1,
道路,1,
遭到,1,
遭受,1,
遵守,1,
邀测,1,
邀请函,1,
邀请赛,1,
那台,1,
那有,1,
邮件,1,
邮电大学,1,
部总降,1,
部门规章,1,
郭鹏,1,
酌定,1,
配合,1,
配图,1,
酒醉,1,
酸碱度,1,
醒狮,1,
采取有效,1,
采样率,1,
里尼,1,
重任,1,
重复性,1,
重奏,1,
重建,1,
重新认识,1,
重现,1,
重磅,1,
重约,1,
重组,1,
重要依据,1,
重量级,1,
重金属,1,
量子,1,
量身,1,
金句,1,
金属光泽,1,
金晴,1,
金白银,1,
金融机构,1,
钢琴演奏,1,
钾肥,1,
铁路,1,
银幕,1,
银行,1,
链主,1,
锅炉,1,
错误,1,
错误信息,1,
错误率,1,
锚定,1,
锣钹,1,
锦绣,1,
键入,1,
锻炼,1,
长三角,1,
长久,1,
长假,1,
长安,1,
长尾,1,
长度,1,
长廊,1,
长期,1,
长沙,1,
长空,1,
长篇小说,1,
长虹,1,
长远,1,
门外,1,
门类,1,
闪光,1,
闪烁,1,
闪现,1,
闭幕式,1,
问答,1,
问诊,1,
闲适,1,
间丝滑,1,
间奏,1,
闻名,1,
阅读,1,
队伍,1,
防护网,1,
阵列,1,
阵地,1,
阶级,1,
阶跃,1,
阻止,1,
阿卡,1,
阿拉伯语,1,
附属中学,1,
陆地,1,
陈列,1,
陈廖宇,1,
陈思诚,1,
陈水,1,
陈洪宇,1,
陈涌海,1,
降到,1,
降噪,1,
降水,1,
降雨,1,
限定,1,
限度,1,
除去,1,
除此以外,1,
陷入,1,
随之,1,
随之而来,1,
随便,1,
随心所欲,1,
随手,1,
隐患,1,
隐藏,1,
难不倒,1,
难以为继,1,
难以想象,1,
难免会,1,
难度,1,
难道,1,
集中,1,
集体创作,1,
集团化,1,
集成,1,
集成电路,1,
雨伞,1,
零售,1,
零的突破,1,
雷特,1,
需之力,1,
需提交,1,
霸王,1,
靓丽,1,
静中,1,
非商业,1,
非常复杂,1,
非遗,1,
靠近,1,
面包师,1,
面向全国,1,
面对面,1,
面板,1,
面积,1,
面纱,1,
革命性,1,
音乐奖,1,
音乐程序,1,
音律,1,
音效,1,
音频视频,1,
竟然,1,
章法,1,
章节,1,
韵律感,1,
顶层,1,
顺手,1,
顾问,1,
颁奖典礼,1,
预告片,1,
预期,1,
预示,1,
领先水平,1,
领头羊,1,
领跑,1,
频率,1,
频繁,1,
颜色,1,
颠覆,1,
颠覆性,1,
风口,1,
风情,1,
风景,1,
风雅,1,
风雪,1,
飞瀑,1,
饭圈,1,
饭碗,1,
饱和状态,1,
饱带,1,
首创,1,
首展,1,
首店,1,
首座,1,
首聚,1,
首部,1,
首都,1,
香囊,1,
香港科技大学,1,
香菱,1,
马克,1,
马塍路,1,
马来西亚,1,
马海,1,
马车,1,
驯化,1,
驾驭,1,
驾驶者,1,
驾驶舱,1,
高且,1,
高中,1,
高中生,1,
高保真,1,
高光,1,
高分,1,
高原,1,
高品质,1,
高峰,1,
高峰论坛,1,
高手,1,
高拟,1,
高效率,1,
高新技术,1,
高标准,1,
高等,1,
高精尖,1,
高级,1,
高能,1,
高艳津子,1,
高速,1,
高速公路,1,
高速度,1,
高难度,1,
高频,1,
魔力,1,
魔法,1,
魔法师,1,
鲜活,1,
鸟儿,1,
鸣溯,1,
鹰眼,1,
鹿晓希,1,
黏合,1,
黑猫,1,
黑胶,1,
鼻祖,1,
龙城,1,
龙头,1,
龙头企业,1,
龙州县,1,
龙胜,1,
龙胜各族自治县,1,
龙脊,1,
龙虎榜,1,
